is_filler,cross,q_idx,filler
0,3,sw2006B-ms98-a-0006,qy
1,235,sw2006B-ms98-a-0006,uh
1,1,sw2006B-ms98-a-0006,uh
1,0,sw2006B-ms98-a-0006,uh
1,259,sw2006B-ms98-a-0006,uh
1,254,sw2006B-ms98-a-0006,um
1,243,sw2006B-ms98-a-0006,um
1,231,sw2006B-ms98-a-0006,um
1,0,sw2006B-ms98-a-0006,uh
1,0,sw2006B-ms98-a-0006,uh
1,1,sw2006B-ms98-a-0006,uh
1,4,sw2006B-ms98-a-0006,uh
1,0,sw2006B-ms98-a-0006,uh
1,0,sw2006B-ms98-a-0006,uh
1,222,sw2006B-ms98-a-0006,uh
1,216,sw2006B-ms98-a-0006,uh
1,216,sw2006B-ms98-a-0006,uh
1,0,sw2006B-ms98-a-0006,uh
1,0,sw2006B-ms98-a-0006,uh
1,213,sw2006B-ms98-a-0006,uh
1,3,sw2006B-ms98-a-0006,uh
1,0,sw2006B-ms98-a-0006,uh
0,5,sw2010B-ms98-a-0033,qy
1,-1,sw2010B-ms98-a-0033,um
1,21,sw2010B-ms98-a-0033,uh
1,-1,sw2010B-ms98-a-0033,uh
0,0,sw2012B-ms98-a-0067,qy
1,3,sw2012B-ms98-a-0067,uh
0,0,sw2038B-ms98-a-0005,qy
1,-1,sw2038B-ms98-a-0005,uh
1,-1,sw2038B-ms98-a-0005,uh
1,-1,sw2038B-ms98-a-0005,uh
1,0,sw2038B-ms98-a-0005,uh
1,0,sw2038B-ms98-a-0005,uh
1,22,sw2038B-ms98-a-0005,uh
1,0,sw2038B-ms98-a-0005,uh
1,0,sw2038B-ms98-a-0005,uh
1,0,sw2038B-ms98-a-0005,uh
1,-1,sw2038B-ms98-a-0005,uh
1,-1,sw2038B-ms98-a-0005,uh
1,-1,sw2038B-ms98-a-0005,uh
0,0,sw2051B-ms98-a-0011,qy
1,1,sw2051B-ms98-a-0011,uh
1,16,sw2051B-ms98-a-0011,uh
0,0,sw2053B-ms98-a-0042,qy
1,0,sw2053B-ms98-a-0042,uh
1,0,sw2053B-ms98-a-0042,uh
1,0,sw2053B-ms98-a-0042,uh
1,0,sw2053B-ms98-a-0042,uh
1,0,sw2053B-ms98-a-0042,uh
1,0,sw2053B-ms98-a-0042,uh
1,0,sw2053B-ms98-a-0042,uh
1,1,sw2053B-ms98-a-0042,um
0,-1,sw2065A-ms98-a-0006,qy
1,-1,sw2065A-ms98-a-0006,um
1,-1,sw2065A-ms98-a-0006,uh
1,-1,sw2065A-ms98-a-0006,uh
1,-1,sw2065A-ms98-a-0006,uh
1,-1,sw2065A-ms98-a-0006,uh
1,-1,sw2065A-ms98-a-0006,uh
1,-1,sw2065A-ms98-a-0006,uh
1,-1,sw2065A-ms98-a-0006,uh
1,-1,sw2065A-ms98-a-0006,uh
1,0,sw2065A-ms98-a-0006,uh
1,-1,sw2065A-ms98-a-0006,uh
1,-1,sw2065A-ms98-a-0006,uh
1,-1,sw2065A-ms98-a-0006,uh
0,0,sw2078B-ms98-a-0069,qy
1,1,sw2078B-ms98-a-0069,uh
1,0,sw2078B-ms98-a-0069,uh
1,0,sw2078B-ms98-a-0069,uh
1,-1,sw2078B-ms98-a-0069,um
1,-1,sw2078B-ms98-a-0069,um
0,-1,sw2078B-ms98-a-0105,qy
1,-1,sw2078B-ms98-a-0105,uh
1,-1,sw2078B-ms98-a-0105,uh
1,-1,sw2078B-ms98-a-0105,uh
1,-1,sw2078B-ms98-a-0105,um
1,-1,sw2078B-ms98-a-0105,um
0,1,sw2086A-ms98-a-0014,qy
1,3,sw2086A-ms98-a-0014,um
1,0,sw2086A-ms98-a-0014,um
1,0,sw2086A-ms98-a-0014,um
1,1,sw2086A-ms98-a-0014,um
1,0,sw2086A-ms98-a-0014,um
1,0,sw2086A-ms98-a-0014,uh
1,0,sw2086A-ms98-a-0014,um
1,0,sw2086A-ms98-a-0014,uh
1,0,sw2086A-ms98-a-0014,um
1,5,sw2086A-ms98-a-0014,um
1,0,sw2086A-ms98-a-0014,uh
1,0,sw2086A-ms98-a-0014,uh
0,0,sw2090B-ms98-a-0023,qy
1,1,sw2090B-ms98-a-0023,um
1,7,sw2090B-ms98-a-0023,um
0,0,sw2092A-ms98-a-0043,qy
1,6,sw2092A-ms98-a-0043,um
1,0,sw2092A-ms98-a-0043,uh
1,0,sw2092A-ms98-a-0043,uh
0,3,sw2092A-ms98-a-0051,qy
1,-1,sw2092A-ms98-a-0051,um
1,-1,sw2092A-ms98-a-0051,uh
1,-1,sw2092A-ms98-a-0051,uh
0,214,sw2121A-ms98-a-0043,qy
1,237,sw2121A-ms98-a-0043,uh
1,213,sw2121A-ms98-a-0043,uh
1,229,sw2121A-ms98-a-0043,uh
1,9,sw2121A-ms98-a-0043,um
1,233,sw2121A-ms98-a-0043,uh
1,189,sw2121A-ms98-a-0043,um
1,206,sw2121A-ms98-a-0043,uh
1,225,sw2121A-ms98-a-0043,uh
1,220,sw2121A-ms98-a-0043,uh
1,233,sw2121A-ms98-a-0043,uh
1,232,sw2121A-ms98-a-0043,uh
1,226,sw2121A-ms98-a-0043,uh
1,26,sw2121A-ms98-a-0043,uh
1,235,sw2121A-ms98-a-0043,uh
1,233,sw2121A-ms98-a-0043,uh
1,221,sw2121A-ms98-a-0043,uh
1,214,sw2121A-ms98-a-0043,uh
0,5,sw2121A-ms98-a-0044,qy
1,23,sw2121A-ms98-a-0044,uh
1,6,sw2121A-ms98-a-0044,uh
1,10,sw2121A-ms98-a-0044,uh
1,16,sw2121A-ms98-a-0044,um
1,18,sw2121A-ms98-a-0044,uh
1,0,sw2121A-ms98-a-0044,um
1,0,sw2121A-ms98-a-0044,uh
1,3,sw2121A-ms98-a-0044,uh
1,34,sw2121A-ms98-a-0044,uh
1,18,sw2121A-ms98-a-0044,uh
1,4,sw2121A-ms98-a-0044,uh
1,1,sw2121A-ms98-a-0044,uh
1,3,sw2121A-ms98-a-0044,uh
1,36,sw2121A-ms98-a-0044,uh
1,10,sw2121A-ms98-a-0044,uh
1,21,sw2121A-ms98-a-0044,uh
1,3,sw2121A-ms98-a-0044,uh
0,0,sw2121A-ms98-a-0085,qy
1,-1,sw2121A-ms98-a-0085,uh
1,1,sw2121A-ms98-a-0085,uh
1,-1,sw2121A-ms98-a-0085,uh
1,-1,sw2121A-ms98-a-0085,um
1,-1,sw2121A-ms98-a-0085,uh
1,0,sw2121A-ms98-a-0085,um
1,0,sw2121A-ms98-a-0085,uh
1,0,sw2121A-ms98-a-0085,uh
1,-1,sw2121A-ms98-a-0085,uh
1,-1,sw2121A-ms98-a-0085,uh
1,-1,sw2121A-ms98-a-0085,uh
1,0,sw2121A-ms98-a-0085,uh
1,0,sw2121A-ms98-a-0085,uh
1,-1,sw2121A-ms98-a-0085,uh
1,1,sw2121A-ms98-a-0085,uh
1,1,sw2121A-ms98-a-0085,uh
1,0,sw2121A-ms98-a-0085,uh
0,1,sw2121B-ms98-a-0082,qy
1,29,sw2121B-ms98-a-0082,um
1,499,sw2121B-ms98-a-0082,um
1,505,sw2121B-ms98-a-0082,um
1,501,sw2121B-ms98-a-0082,um
1,509,sw2121B-ms98-a-0082,uh
1,510,sw2121B-ms98-a-0082,uh
1,503,sw2121B-ms98-a-0082,um
0,1,sw2121B-ms98-a-0085,qy
1,224,sw2121B-ms98-a-0085,um
1,259,sw2121B-ms98-a-0085,um
1,224,sw2121B-ms98-a-0085,um
1,226,sw2121B-ms98-a-0085,um
1,213,sw2121B-ms98-a-0085,uh
1,214,sw2121B-ms98-a-0085,uh
1,263,sw2121B-ms98-a-0085,um
0,-1,sw2124B-ms98-a-0025,qy
1,-1,sw2124B-ms98-a-0025,um
1,-1,sw2124B-ms98-a-0025,um
1,-1,sw2124B-ms98-a-0025,um
0,0,sw2124B-ms98-a-0026,qy
1,0,sw2124B-ms98-a-0026,um
1,1,sw2124B-ms98-a-0026,um
1,0,sw2124B-ms98-a-0026,um
0,1,sw2125A-ms98-a-0027,qy
1,0,sw2125A-ms98-a-0027,uh
1,0,sw2125A-ms98-a-0027,uh
1,0,sw2125A-ms98-a-0027,uh
1,9,sw2125A-ms98-a-0027,uh
1,0,sw2125A-ms98-a-0027,uh
0,0,sw2154A-ms98-a-0073,qy
1,21,sw2154A-ms98-a-0073,um
1,0,sw2154A-ms98-a-0073,um
1,33,sw2154A-ms98-a-0073,um
0,-1,sw2154A-ms98-a-0115,qy
1,-1,sw2154A-ms98-a-0115,um
1,-1,sw2154A-ms98-a-0115,um
1,-1,sw2154A-ms98-a-0115,um
0,0,sw2154B-ms98-a-0010,qy
1,0,sw2154B-ms98-a-0010,uh
1,0,sw2154B-ms98-a-0010,uh
1,-1,sw2154B-ms98-a-0010,um
0,4,sw2154B-ms98-a-0027,qy
1,35,sw2154B-ms98-a-0027,uh
1,3,sw2154B-ms98-a-0027,uh
1,46,sw2154B-ms98-a-0027,um
0,4,sw2157A-ms98-a-0021,qy
1,0,sw2157A-ms98-a-0021,um
1,0,sw2157A-ms98-a-0021,uh
1,0,sw2157A-ms98-a-0021,uh
1,511,sw2157A-ms98-a-0021,um
1,0,sw2157A-ms98-a-0021,uh
1,6,sw2157A-ms98-a-0021,uh
1,-1,sw2157A-ms98-a-0021,uh
1,361,sw2157A-ms98-a-0021,um
1,371,sw2157A-ms98-a-0021,um
1,0,sw2157A-ms98-a-0021,um
0,25,sw2157A-ms98-a-0042,qy
1,10,sw2157A-ms98-a-0042,um
1,0,sw2157A-ms98-a-0042,uh
1,0,sw2157A-ms98-a-0042,uh
1,-1,sw2157A-ms98-a-0042,um
1,5,sw2157A-ms98-a-0042,uh
1,16,sw2157A-ms98-a-0042,uh
1,-1,sw2157A-ms98-a-0042,uh
1,33,sw2157A-ms98-a-0042,um
1,-1,sw2157A-ms98-a-0042,um
1,6,sw2157A-ms98-a-0042,um
0,0,sw2168B-ms98-a-0022,qy
1,221,sw2168B-ms98-a-0022,uh
1,0,sw2168B-ms98-a-0022,um
1,0,sw2168B-ms98-a-0022,uh
1,10,sw2168B-ms98-a-0022,um
1,0,sw2168B-ms98-a-0022,um
0,0,sw2168B-ms98-a-0043,qy
1,-1,sw2168B-ms98-a-0043,uh
1,0,sw2168B-ms98-a-0043,um
1,0,sw2168B-ms98-a-0043,uh
1,-1,sw2168B-ms98-a-0043,um
1,-1,sw2168B-ms98-a-0043,um
0,0,sw2168B-ms98-a-0046,qy
1,-1,sw2168B-ms98-a-0046,uh
1,0,sw2168B-ms98-a-0046,um
1,0,sw2168B-ms98-a-0046,uh
1,77,sw2168B-ms98-a-0046,um
1,-1,sw2168B-ms98-a-0046,um
0,6,sw2168B-ms98-a-0053,qy
1,207,sw2168B-ms98-a-0053,uh
1,39,sw2168B-ms98-a-0053,um
1,0,sw2168B-ms98-a-0053,uh
1,52,sw2168B-ms98-a-0053,um
1,209,sw2168B-ms98-a-0053,um
0,-1,sw2184B-ms98-a-0017,qy
1,-1,sw2184B-ms98-a-0017,um
1,-1,sw2184B-ms98-a-0017,um
1,-1,sw2184B-ms98-a-0017,uh
1,-1,sw2184B-ms98-a-0017,uh
0,0,sw2235B-ms98-a-0063,qy
1,263,sw2235B-ms98-a-0063,um
1,265,sw2235B-ms98-a-0063,um
0,0,sw2247A-ms98-a-0004,qy
1,-1,sw2247A-ms98-a-0004,uh
1,510,sw2247A-ms98-a-0004,uh
1,3,sw2247A-ms98-a-0004,uh
1,502,sw2247A-ms98-a-0004,uh
1,4,sw2247A-ms98-a-0004,uh
1,-1,sw2247A-ms98-a-0004,uh
1,499,sw2247A-ms98-a-0004,uh
1,505,sw2247A-ms98-a-0004,uh
0,1,sw2247A-ms98-a-0029,qy
1,275,sw2247A-ms98-a-0029,uh
1,274,sw2247A-ms98-a-0029,uh
1,275,sw2247A-ms98-a-0029,uh
1,227,sw2247A-ms98-a-0029,uh
1,241,sw2247A-ms98-a-0029,uh
1,280,sw2247A-ms98-a-0029,uh
1,273,sw2247A-ms98-a-0029,uh
1,286,sw2247A-ms98-a-0029,uh
0,0,sw2247A-ms98-a-0042,qy
1,299,sw2247A-ms98-a-0042,uh
1,270,sw2247A-ms98-a-0042,uh
1,3,sw2247A-ms98-a-0042,uh
1,22,sw2247A-ms98-a-0042,uh
1,3,sw2247A-ms98-a-0042,uh
1,307,sw2247A-ms98-a-0042,uh
1,289,sw2247A-ms98-a-0042,uh
1,49,sw2247A-ms98-a-0042,uh
0,3,sw2289B-ms98-a-0046,qy
1,512,sw2289B-ms98-a-0046,um
1,507,sw2289B-ms98-a-0046,uh
1,500,sw2289B-ms98-a-0046,um
1,0,sw2289B-ms98-a-0046,uh
1,47,sw2289B-ms98-a-0046,um
1,515,sw2289B-ms98-a-0046,uh
1,0,sw2289B-ms98-a-0046,uh
1,502,sw2289B-ms98-a-0046,uh
1,0,sw2289B-ms98-a-0046,uh
1,512,sw2289B-ms98-a-0046,uh
0,0,sw2314A-ms98-a-0020,qy
1,3,sw2314A-ms98-a-0020,uh
1,-1,sw2314A-ms98-a-0020,uh
1,0,sw2314A-ms98-a-0020,uh
1,0,sw2314A-ms98-a-0020,uh
1,5,sw2314A-ms98-a-0020,uh
0,-1,sw2314B-ms98-a-0084,qy
1,-1,sw2314B-ms98-a-0084,uh
1,-1,sw2314B-ms98-a-0084,uh
1,-1,sw2314B-ms98-a-0084,uh
1,-1,sw2314B-ms98-a-0084,uh
1,-1,sw2314B-ms98-a-0084,um
0,6,sw2365A-ms98-a-0013,qy
1,-1,sw2365A-ms98-a-0013,uh
1,-1,sw2365A-ms98-a-0013,uh
1,-1,sw2365A-ms98-a-0013,uh
1,-1,sw2365A-ms98-a-0013,uh
1,1,sw2365A-ms98-a-0013,uh
1,-1,sw2365A-ms98-a-0013,uh
1,-1,sw2365A-ms98-a-0013,um
1,-1,sw2365A-ms98-a-0013,uh
1,-1,sw2365A-ms98-a-0013,uh
1,0,sw2365A-ms98-a-0013,uh
1,-1,sw2365A-ms98-a-0013,um
1,0,sw2365A-ms98-a-0013,uh
0,0,sw2365B-ms98-a-0021,qy
1,-1,sw2365B-ms98-a-0021,uh
1,11,sw2365B-ms98-a-0021,uh
1,3,sw2365B-ms98-a-0021,uh
1,-1,sw2365B-ms98-a-0021,uh
1,0,sw2365B-ms98-a-0021,uh
0,0,sw2387B-ms98-a-0050,qy
1,4,sw2387B-ms98-a-0050,um
1,0,sw2387B-ms98-a-0050,um
1,-1,sw2387B-ms98-a-0050,um
1,0,sw2387B-ms98-a-0050,um
1,3,sw2387B-ms98-a-0050,um
1,-1,sw2387B-ms98-a-0050,um
1,-1,sw2387B-ms98-a-0050,um
1,0,sw2387B-ms98-a-0050,um
0,-1,sw2389A-ms98-a-0048,qy
1,-1,sw2389A-ms98-a-0048,uh
1,-1,sw2389A-ms98-a-0048,um
1,-1,sw2389A-ms98-a-0048,um
1,-1,sw2389A-ms98-a-0048,um
1,-1,sw2389A-ms98-a-0048,um
1,-1,sw2389A-ms98-a-0048,um
0,0,sw2393B-ms98-a-0035,qy
1,0,sw2393B-ms98-a-0035,uh
1,0,sw2393B-ms98-a-0035,um
1,0,sw2393B-ms98-a-0035,uh
1,0,sw2393B-ms98-a-0035,um
1,2,sw2393B-ms98-a-0035,um
1,0,sw2393B-ms98-a-0035,um
1,0,sw2393B-ms98-a-0035,uh
1,500,sw2393B-ms98-a-0035,um
1,0,sw2393B-ms98-a-0035,um
1,0,sw2393B-ms98-a-0035,um
0,0,sw2406A-ms98-a-0008,qy
1,1,sw2406A-ms98-a-0008,uh
1,0,sw2406A-ms98-a-0008,uh
1,0,sw2406A-ms98-a-0008,um
0,0,sw2406B-ms98-a-0138,qy
1,0,sw2406B-ms98-a-0138,uh
1,264,sw2406B-ms98-a-0138,uh
1,0,sw2406B-ms98-a-0138,uh
0,0,sw2427A-ms98-a-0076,qy
1,-1,sw2427A-ms98-a-0076,uh
1,-1,sw2427A-ms98-a-0076,uh
1,-1,sw2427A-ms98-a-0076,uh
0,0,sw2431A-ms98-a-0033,qy
1,0,sw2431A-ms98-a-0033,uh
0,3,sw2431A-ms98-a-0048,qy
1,-1,sw2431A-ms98-a-0048,uh
0,0,sw2432B-ms98-a-0064,qy
1,25,sw2432B-ms98-a-0064,uh
1,1,sw2432B-ms98-a-0064,uh
1,261,sw2432B-ms98-a-0064,um
1,258,sw2432B-ms98-a-0064,uh
0,0,sw2435B-ms98-a-0142,qy
1,0,sw2435B-ms98-a-0142,uh
1,2,sw2435B-ms98-a-0142,um
1,0,sw2435B-ms98-a-0142,uh
1,0,sw2435B-ms98-a-0142,um
1,0,sw2435B-ms98-a-0142,uh
0,0,sw2439B-ms98-a-0106,qy
1,0,sw2439B-ms98-a-0106,uh
1,0,sw2439B-ms98-a-0106,uh
1,5,sw2439B-ms98-a-0106,um
1,0,sw2439B-ms98-a-0106,uh
1,0,sw2439B-ms98-a-0106,uh
1,0,sw2439B-ms98-a-0106,um
0,0,sw2442B-ms98-a-0024,qy
1,0,sw2442B-ms98-a-0024,um
1,0,sw2442B-ms98-a-0024,uh
1,0,sw2442B-ms98-a-0024,uh
1,1,sw2442B-ms98-a-0024,um
1,1,sw2442B-ms98-a-0024,um
0,14,sw2492A-ms98-a-0026,qy
1,216,sw2492A-ms98-a-0026,um
1,228,sw2492A-ms98-a-0026,um
1,256,sw2492A-ms98-a-0026,um
0,0,sw2505A-ms98-a-0008,qy
1,0,sw2505A-ms98-a-0008,um
1,0,sw2505A-ms98-a-0008,um
0,0,sw2515A-ms98-a-0043,qy
1,0,sw2515A-ms98-a-0043,uh
1,0,sw2515A-ms98-a-0043,uh
1,0,sw2515A-ms98-a-0043,uh
1,0,sw2515A-ms98-a-0043,uh
1,0,sw2515A-ms98-a-0043,uh
1,0,sw2515A-ms98-a-0043,uh
1,0,sw2515A-ms98-a-0043,um
1,0,sw2515A-ms98-a-0043,uh
1,1,sw2515A-ms98-a-0043,uh
1,0,sw2515A-ms98-a-0043,uh
1,0,sw2515A-ms98-a-0043,uh
1,0,sw2515A-ms98-a-0043,uh
0,0,sw2521A-ms98-a-0067,qy
1,0,sw2521A-ms98-a-0067,uh
1,0,sw2521A-ms98-a-0067,uh
1,0,sw2521A-ms98-a-0067,uh
1,0,sw2521A-ms98-a-0067,uh
1,0,sw2521A-ms98-a-0067,uh
1,0,sw2521A-ms98-a-0067,uh
1,0,sw2521A-ms98-a-0067,uh
1,0,sw2521A-ms98-a-0067,uh
1,0,sw2521A-ms98-a-0067,uh
1,0,sw2521A-ms98-a-0067,uh
1,0,sw2521A-ms98-a-0067,uh
0,2,sw2521B-ms98-a-0077,qy
1,-1,sw2521B-ms98-a-0077,uh
1,9,sw2521B-ms98-a-0077,uh
1,0,sw2521B-ms98-a-0077,uh
1,3,sw2521B-ms98-a-0077,um
1,-1,sw2521B-ms98-a-0077,uh
1,0,sw2521B-ms98-a-0077,uh
1,-1,sw2521B-ms98-a-0077,uh
0,0,sw2521B-ms98-a-0079,qy
1,-1,sw2521B-ms98-a-0079,uh
1,-1,sw2521B-ms98-a-0079,uh
1,-1,sw2521B-ms98-a-0079,uh
1,3,sw2521B-ms98-a-0079,um
1,-1,sw2521B-ms98-a-0079,uh
1,-1,sw2521B-ms98-a-0079,uh
1,-1,sw2521B-ms98-a-0079,uh
0,0,sw2528A-ms98-a-0045,qy
1,0,sw2528A-ms98-a-0045,uh
1,14,sw2528A-ms98-a-0045,um
1,0,sw2528A-ms98-a-0045,um
1,7,sw2528A-ms98-a-0045,um
1,0,sw2528A-ms98-a-0045,um
1,4,sw2528A-ms98-a-0045,um
1,0,sw2528A-ms98-a-0045,uh
1,0,sw2528A-ms98-a-0045,uh
1,5,sw2528A-ms98-a-0045,um
1,15,sw2528A-ms98-a-0045,um
1,17,sw2528A-ms98-a-0045,um
1,0,sw2528A-ms98-a-0045,uh
1,0,sw2528A-ms98-a-0045,uh
1,0,sw2528A-ms98-a-0045,uh
1,0,sw2528A-ms98-a-0045,um
1,10,sw2528A-ms98-a-0045,um
1,4,sw2528A-ms98-a-0045,um
1,7,sw2528A-ms98-a-0045,um
1,0,sw2528A-ms98-a-0045,um
0,0,sw2528A-ms98-a-0141,qy
1,0,sw2528A-ms98-a-0141,uh
1,247,sw2528A-ms98-a-0141,um
1,234,sw2528A-ms98-a-0141,um
1,257,sw2528A-ms98-a-0141,um
1,217,sw2528A-ms98-a-0141,um
1,231,sw2528A-ms98-a-0141,um
1,215,sw2528A-ms98-a-0141,uh
1,241,sw2528A-ms98-a-0141,uh
1,239,sw2528A-ms98-a-0141,um
1,246,sw2528A-ms98-a-0141,um
1,249,sw2528A-ms98-a-0141,um
1,219,sw2528A-ms98-a-0141,uh
1,237,sw2528A-ms98-a-0141,uh
1,0,sw2528A-ms98-a-0141,uh
1,237,sw2528A-ms98-a-0141,um
1,243,sw2528A-ms98-a-0141,um
1,235,sw2528A-ms98-a-0141,um
1,240,sw2528A-ms98-a-0141,um
1,243,sw2528A-ms98-a-0141,um
0,0,sw2528A-ms98-a-0144,qy
1,0,sw2528A-ms98-a-0144,uh
1,-1,sw2528A-ms98-a-0144,um
1,-1,sw2528A-ms98-a-0144,um
1,-1,sw2528A-ms98-a-0144,um
1,3,sw2528A-ms98-a-0144,um
1,506,sw2528A-ms98-a-0144,um
1,0,sw2528A-ms98-a-0144,uh
1,0,sw2528A-ms98-a-0144,uh
1,503,sw2528A-ms98-a-0144,um
1,-1,sw2528A-ms98-a-0144,um
1,-1,sw2528A-ms98-a-0144,um
1,1,sw2528A-ms98-a-0144,uh
1,0,sw2528A-ms98-a-0144,uh
1,0,sw2528A-ms98-a-0144,uh
1,-1,sw2528A-ms98-a-0144,um
1,500,sw2528A-ms98-a-0144,um
1,506,sw2528A-ms98-a-0144,um
1,505,sw2528A-ms98-a-0144,um
1,505,sw2528A-ms98-a-0144,um
0,0,sw2528B-ms98-a-0025,qy
1,224,sw2528B-ms98-a-0025,um
1,205,sw2528B-ms98-a-0025,uh
1,204,sw2528B-ms98-a-0025,um
1,233,sw2528B-ms98-a-0025,um
1,180,sw2528B-ms98-a-0025,um
0,-1,sw2534A-ms98-a-0016,qy
1,-1,sw2534A-ms98-a-0016,uh
1,-1,sw2534A-ms98-a-0016,uh
1,-1,sw2534A-ms98-a-0016,uh
1,-1,sw2534A-ms98-a-0016,uh
1,-1,sw2534A-ms98-a-0016,uh
1,-1,sw2534A-ms98-a-0016,uh
1,-1,sw2534A-ms98-a-0016,uh
1,-1,sw2534A-ms98-a-0016,uh
1,-1,sw2534A-ms98-a-0016,uh
1,-1,sw2534A-ms98-a-0016,um
1,-1,sw2534A-ms98-a-0016,uh
1,-1,sw2534A-ms98-a-0016,uh
1,-1,sw2534A-ms98-a-0016,uh
1,-1,sw2534A-ms98-a-0016,um
0,0,sw2549A-ms98-a-0012,qy
1,0,sw2549A-ms98-a-0012,uh
1,0,sw2549A-ms98-a-0012,uh
1,0,sw2549A-ms98-a-0012,uh
1,0,sw2549A-ms98-a-0012,uh
1,0,sw2549A-ms98-a-0012,uh
1,1,sw2549A-ms98-a-0012,uh
1,0,sw2549A-ms98-a-0012,um
1,0,sw2549A-ms98-a-0012,um
1,0,sw2549A-ms98-a-0012,uh
1,0,sw2549A-ms98-a-0012,uh
1,0,sw2549A-ms98-a-0012,uh
1,0,sw2549A-ms98-a-0012,uh
1,0,sw2549A-ms98-a-0012,uh
1,0,sw2549A-ms98-a-0012,um
1,0,sw2549A-ms98-a-0012,uh
1,0,sw2549A-ms98-a-0012,uh
1,0,sw2549A-ms98-a-0012,uh
1,0,sw2549A-ms98-a-0012,uh
1,0,sw2549A-ms98-a-0012,uh
1,0,sw2549A-ms98-a-0012,uh
0,-1,sw2549A-ms98-a-0098,qy
1,-1,sw2549A-ms98-a-0098,uh
1,-1,sw2549A-ms98-a-0098,uh
1,-1,sw2549A-ms98-a-0098,uh
1,-1,sw2549A-ms98-a-0098,uh
1,-1,sw2549A-ms98-a-0098,uh
1,-1,sw2549A-ms98-a-0098,uh
1,-1,sw2549A-ms98-a-0098,um
1,-1,sw2549A-ms98-a-0098,um
1,-1,sw2549A-ms98-a-0098,uh
1,-1,sw2549A-ms98-a-0098,uh
1,-1,sw2549A-ms98-a-0098,uh
1,-1,sw2549A-ms98-a-0098,uh
1,-1,sw2549A-ms98-a-0098,uh
1,-1,sw2549A-ms98-a-0098,um
1,-1,sw2549A-ms98-a-0098,uh
1,-1,sw2549A-ms98-a-0098,uh
1,-1,sw2549A-ms98-a-0098,uh
1,-1,sw2549A-ms98-a-0098,uh
1,-1,sw2549A-ms98-a-0098,uh
1,-1,sw2549A-ms98-a-0098,uh
0,0,sw2549B-ms98-a-0083,qy
1,328,sw2549B-ms98-a-0083,um
1,326,sw2549B-ms98-a-0083,um
1,-1,sw2549B-ms98-a-0083,um
1,-1,sw2549B-ms98-a-0083,um
1,-1,sw2549B-ms98-a-0083,uh
1,312,sw2549B-ms98-a-0083,uh
1,325,sw2549B-ms98-a-0083,um
1,375,sw2549B-ms98-a-0083,um
1,329,sw2549B-ms98-a-0083,uh
1,-1,sw2549B-ms98-a-0083,um
1,0,sw2549B-ms98-a-0083,uh
1,0,sw2549B-ms98-a-0083,uh
1,0,sw2549B-ms98-a-0083,um
1,0,sw2549B-ms98-a-0083,uh
1,0,sw2549B-ms98-a-0083,uh
1,0,sw2549B-ms98-a-0083,uh
0,0,sw2576B-ms98-a-0078,qy
1,-1,sw2576B-ms98-a-0078,um
1,1,sw2576B-ms98-a-0078,um
1,-1,sw2576B-ms98-a-0078,uh
1,-1,sw2576B-ms98-a-0078,uh
1,2,sw2576B-ms98-a-0078,uh
1,1,sw2576B-ms98-a-0078,uh
1,0,sw2576B-ms98-a-0078,um
1,1,sw2576B-ms98-a-0078,um
1,-1,sw2576B-ms98-a-0078,um
1,-1,sw2576B-ms98-a-0078,uh
1,0,sw2576B-ms98-a-0078,uh
1,-1,sw2576B-ms98-a-0078,uh
0,-1,sw2576B-ms98-a-0088,qy
1,-1,sw2576B-ms98-a-0088,um
1,-1,sw2576B-ms98-a-0088,um
1,-1,sw2576B-ms98-a-0088,uh
1,-1,sw2576B-ms98-a-0088,uh
1,-1,sw2576B-ms98-a-0088,uh
1,-1,sw2576B-ms98-a-0088,uh
1,-1,sw2576B-ms98-a-0088,um
1,-1,sw2576B-ms98-a-0088,um
1,-1,sw2576B-ms98-a-0088,um
1,-1,sw2576B-ms98-a-0088,uh
1,-1,sw2576B-ms98-a-0088,uh
1,-1,sw2576B-ms98-a-0088,uh
0,0,sw2576B-ms98-a-0090,qy
1,-1,sw2576B-ms98-a-0090,um
1,-1,sw2576B-ms98-a-0090,um
1,-1,sw2576B-ms98-a-0090,uh
1,-1,sw2576B-ms98-a-0090,uh
1,-1,sw2576B-ms98-a-0090,uh
1,-1,sw2576B-ms98-a-0090,uh
1,-1,sw2576B-ms98-a-0090,um
1,-1,sw2576B-ms98-a-0090,um
1,-1,sw2576B-ms98-a-0090,um
1,-1,sw2576B-ms98-a-0090,uh
1,-1,sw2576B-ms98-a-0090,uh
1,-1,sw2576B-ms98-a-0090,uh
0,1,sw2579B-ms98-a-0017,qy
1,0,sw2579B-ms98-a-0017,uh
1,0,sw2579B-ms98-a-0017,uh
1,0,sw2579B-ms98-a-0017,uh
1,0,sw2579B-ms98-a-0017,uh
0,19,sw2579B-ms98-a-0019,qy
1,0,sw2579B-ms98-a-0019,uh
1,38,sw2579B-ms98-a-0019,uh
1,0,sw2579B-ms98-a-0019,uh
1,0,sw2579B-ms98-a-0019,uh
0,-1,sw2586A-ms98-a-0006,qy
1,-1,sw2586A-ms98-a-0006,uh
1,-1,sw2586A-ms98-a-0006,uh
1,-1,sw2586A-ms98-a-0006,uh
0,28,sw2586B-ms98-a-0017,qy
1,-1,sw2586B-ms98-a-0017,uh
1,-1,sw2586B-ms98-a-0017,uh
1,-1,sw2586B-ms98-a-0017,uh
1,-1,sw2586B-ms98-a-0017,uh
0,-1,sw2599A-ms98-a-0055,qy
1,-1,sw2599A-ms98-a-0055,uh
1,-1,sw2599A-ms98-a-0055,uh
1,-1,sw2599A-ms98-a-0055,uh
1,-1,sw2599A-ms98-a-0055,uh
1,-1,sw2599A-ms98-a-0055,uh
1,-1,sw2599A-ms98-a-0055,uh
1,-1,sw2599A-ms98-a-0055,uh
0,-1,sw2602A-ms98-a-0042,qy
1,0,sw2602A-ms98-a-0042,uh
0,14,sw2602B-ms98-a-0100,qy
1,3,sw2602B-ms98-a-0100,uh
0,198,sw2602B-ms98-a-0101,qy
1,219,sw2602B-ms98-a-0101,uh
0,1,sw2602B-ms98-a-0102,qy
1,207,sw2602B-ms98-a-0102,uh
0,0,sw2610A-ms98-a-0104,qy
1,-1,sw2610A-ms98-a-0104,uh
1,-1,sw2610A-ms98-a-0104,uh
1,-1,sw2610A-ms98-a-0104,uh
1,22,sw2610A-ms98-a-0104,uh
0,0,sw2610B-ms98-a-0012,qy
1,0,sw2610B-ms98-a-0012,uh
1,-1,sw2610B-ms98-a-0012,uh
1,-1,sw2610B-ms98-a-0012,um
1,0,sw2610B-ms98-a-0012,uh
1,-1,sw2610B-ms98-a-0012,uh
1,1,sw2610B-ms98-a-0012,um
1,-1,sw2610B-ms98-a-0012,uh
0,-1,sw2623A-ms98-a-0059,qy
1,-1,sw2623A-ms98-a-0059,uh
1,-1,sw2623A-ms98-a-0059,uh
1,-1,sw2623A-ms98-a-0059,uh
1,-1,sw2623A-ms98-a-0059,uh
1,-1,sw2623A-ms98-a-0059,uh
1,-1,sw2623A-ms98-a-0059,uh
1,-1,sw2623A-ms98-a-0059,uh
0,0,sw2634A-ms98-a-0057,qy
1,216,sw2634A-ms98-a-0057,um
1,11,sw2634A-ms98-a-0057,uh
1,0,sw2634A-ms98-a-0057,um
1,251,sw2634A-ms98-a-0057,um
1,219,sw2634A-ms98-a-0057,um
1,217,sw2634A-ms98-a-0057,uh
1,10,sw2634A-ms98-a-0057,uh
1,0,sw2634A-ms98-a-0057,uh
0,4,sw2634B-ms98-a-0060,qy
1,-1,sw2634B-ms98-a-0060,um
0,222,sw2641B-ms98-a-0120,qy
1,240,sw2641B-ms98-a-0120,um
1,196,sw2641B-ms98-a-0120,um
1,218,sw2641B-ms98-a-0120,um
1,228,sw2641B-ms98-a-0120,um
1,201,sw2641B-ms98-a-0120,um
0,15,sw2641B-ms98-a-0121,qy
1,479,sw2641B-ms98-a-0121,um
1,345,sw2641B-ms98-a-0121,um
1,284,sw2641B-ms98-a-0121,um
1,334,sw2641B-ms98-a-0121,um
1,302,sw2641B-ms98-a-0121,um
0,0,sw2645A-ms98-a-0033,qy
1,364,sw2645A-ms98-a-0033,uh
1,370,sw2645A-ms98-a-0033,uh
1,496,sw2645A-ms98-a-0033,uh
0,0,sw2645B-ms98-a-0072,qy
1,52,sw2645B-ms98-a-0072,um
1,0,sw2645B-ms98-a-0072,uh
1,0,sw2645B-ms98-a-0072,uh
1,0,sw2645B-ms98-a-0072,uh
1,0,sw2645B-ms98-a-0072,uh
0,0,sw2657A-ms98-a-0018,qy
1,300,sw2657A-ms98-a-0018,uh
1,317,sw2657A-ms98-a-0018,uh
1,285,sw2657A-ms98-a-0018,uh
1,273,sw2657A-ms98-a-0018,uh
1,335,sw2657A-ms98-a-0018,um
1,0,sw2657A-ms98-a-0018,uh
1,306,sw2657A-ms98-a-0018,uh
0,1,sw2672B-ms98-a-0013,qy
1,1,sw2672B-ms98-a-0013,uh
1,0,sw2672B-ms98-a-0013,um
1,0,sw2672B-ms98-a-0013,uh
1,0,sw2672B-ms98-a-0013,um
1,0,sw2672B-ms98-a-0013,um
1,0,sw2672B-ms98-a-0013,uh
1,0,sw2672B-ms98-a-0013,um
1,0,sw2672B-ms98-a-0013,uh
1,0,sw2672B-ms98-a-0013,uh
1,0,sw2672B-ms98-a-0013,uh
0,4,sw2693A-ms98-a-0037,qy
1,-1,sw2693A-ms98-a-0037,uh
1,-1,sw2693A-ms98-a-0037,uh
1,-1,sw2693A-ms98-a-0037,uh
1,-1,sw2693A-ms98-a-0037,uh
0,0,sw2707B-ms98-a-0114,qy
1,-1,sw2707B-ms98-a-0114,uh
1,-1,sw2707B-ms98-a-0114,uh
1,-1,sw2707B-ms98-a-0114,uh
1,-1,sw2707B-ms98-a-0114,uh
1,-1,sw2707B-ms98-a-0114,uh
1,0,sw2707B-ms98-a-0114,uh
1,-1,sw2707B-ms98-a-0114,uh
1,0,sw2707B-ms98-a-0114,uh
1,0,sw2707B-ms98-a-0114,uh
1,-1,sw2707B-ms98-a-0114,uh
1,1,sw2707B-ms98-a-0114,uh
1,0,sw2707B-ms98-a-0114,uh
1,-1,sw2707B-ms98-a-0114,uh
1,0,sw2707B-ms98-a-0114,uh
1,0,sw2707B-ms98-a-0114,uh
1,0,sw2707B-ms98-a-0114,uh
1,1,sw2707B-ms98-a-0114,uh
1,0,sw2707B-ms98-a-0114,uh
1,0,sw2707B-ms98-a-0114,uh
1,0,sw2707B-ms98-a-0114,uh
1,-1,sw2707B-ms98-a-0114,uh
1,-1,sw2707B-ms98-a-0114,uh
1,-1,sw2707B-ms98-a-0114,uh
0,0,sw2711A-ms98-a-0053,qy
1,0,sw2711A-ms98-a-0053,uh
1,519,sw2711A-ms98-a-0053,uh
1,-1,sw2711A-ms98-a-0053,uh
1,14,sw2711A-ms98-a-0053,uh
1,513,sw2711A-ms98-a-0053,uh
1,0,sw2711A-ms98-a-0053,uh
1,0,sw2711A-ms98-a-0053,uh
1,510,sw2711A-ms98-a-0053,uh
1,512,sw2711A-ms98-a-0053,uh
1,0,sw2711A-ms98-a-0053,uh
1,-1,sw2711A-ms98-a-0053,uh
0,-1,sw2713B-ms98-a-0047,qy
1,-1,sw2713B-ms98-a-0047,uh
1,-1,sw2713B-ms98-a-0047,uh
1,-1,sw2713B-ms98-a-0047,uh
1,-1,sw2713B-ms98-a-0047,uh
0,0,sw2724B-ms98-a-0041,qy
1,-1,sw2724B-ms98-a-0041,uh
1,-1,sw2724B-ms98-a-0041,um
1,0,sw2724B-ms98-a-0041,um
1,-1,sw2724B-ms98-a-0041,um
1,-1,sw2724B-ms98-a-0041,um
1,-1,sw2724B-ms98-a-0041,um
1,-1,sw2724B-ms98-a-0041,um
1,-1,sw2724B-ms98-a-0041,um
1,-1,sw2724B-ms98-a-0041,um
1,-1,sw2724B-ms98-a-0041,um
1,-1,sw2724B-ms98-a-0041,um
1,3,sw2724B-ms98-a-0041,um
0,1,sw2736B-ms98-a-0064,qy
1,7,sw2736B-ms98-a-0064,um
1,262,sw2736B-ms98-a-0064,uh
1,0,sw2736B-ms98-a-0064,um
1,9,sw2736B-ms98-a-0064,um
1,0,sw2736B-ms98-a-0064,uh
1,222,sw2736B-ms98-a-0064,uh
1,6,sw2736B-ms98-a-0064,um
1,0,sw2736B-ms98-a-0064,um
1,0,sw2736B-ms98-a-0064,um
1,5,sw2736B-ms98-a-0064,uh
1,246,sw2736B-ms98-a-0064,um
1,258,sw2736B-ms98-a-0064,uh
1,242,sw2736B-ms98-a-0064,um
1,242,sw2736B-ms98-a-0064,um
0,34,sw2754A-ms98-a-0062,qy
1,0,sw2754A-ms98-a-0062,uh
1,1,sw2754A-ms98-a-0062,uh
1,8,sw2754A-ms98-a-0062,uh
1,0,sw2754A-ms98-a-0062,um
1,0,sw2754A-ms98-a-0062,um
1,16,sw2754A-ms98-a-0062,um
0,0,sw2754A-ms98-a-0064,qy
1,0,sw2754A-ms98-a-0064,uh
1,0,sw2754A-ms98-a-0064,uh
1,1,sw2754A-ms98-a-0064,uh
1,0,sw2754A-ms98-a-0064,um
1,0,sw2754A-ms98-a-0064,um
1,1,sw2754A-ms98-a-0064,um
0,0,sw2754B-ms98-a-0089,qy
1,0,sw2754B-ms98-a-0089,uh
1,1,sw2754B-ms98-a-0089,uh
1,0,sw2754B-ms98-a-0089,uh
1,0,sw2754B-ms98-a-0089,uh
1,0,sw2754B-ms98-a-0089,uh
1,1,sw2754B-ms98-a-0089,uh
1,-1,sw2754B-ms98-a-0089,uh
1,1,sw2754B-ms98-a-0089,uh
1,0,sw2754B-ms98-a-0089,uh
1,0,sw2754B-ms98-a-0089,uh
1,-1,sw2754B-ms98-a-0089,uh
0,8,sw2755A-ms98-a-0125,qy
1,230,sw2755A-ms98-a-0125,uh
1,249,sw2755A-ms98-a-0125,um
1,224,sw2755A-ms98-a-0125,uh
1,241,sw2755A-ms98-a-0125,uh
1,230,sw2755A-ms98-a-0125,um
0,0,sw2772B-ms98-a-0023,qy
1,0,sw2772B-ms98-a-0023,um
1,1,sw2772B-ms98-a-0023,um
1,0,sw2772B-ms98-a-0023,uh
1,0,sw2772B-ms98-a-0023,uh
1,1,sw2772B-ms98-a-0023,uh
1,0,sw2772B-ms98-a-0023,um
1,0,sw2772B-ms98-a-0023,um
1,0,sw2772B-ms98-a-0023,uh
1,0,sw2772B-ms98-a-0023,um
1,0,sw2772B-ms98-a-0023,um
1,0,sw2772B-ms98-a-0023,um
1,0,sw2772B-ms98-a-0023,uh
1,0,sw2772B-ms98-a-0023,uh
1,0,sw2772B-ms98-a-0023,uh
1,0,sw2772B-ms98-a-0023,um
1,0,sw2772B-ms98-a-0023,uh
0,5,sw2772B-ms98-a-0079,qy
1,0,sw2772B-ms98-a-0079,um
1,280,sw2772B-ms98-a-0079,um
1,0,sw2772B-ms98-a-0079,uh
1,0,sw2772B-ms98-a-0079,uh
1,3,sw2772B-ms98-a-0079,uh
1,0,sw2772B-ms98-a-0079,um
1,0,sw2772B-ms98-a-0079,um
1,0,sw2772B-ms98-a-0079,uh
1,0,sw2772B-ms98-a-0079,um
1,255,sw2772B-ms98-a-0079,um
1,0,sw2772B-ms98-a-0079,um
1,1,sw2772B-ms98-a-0079,uh
1,0,sw2772B-ms98-a-0079,uh
1,4,sw2772B-ms98-a-0079,uh
1,0,sw2772B-ms98-a-0079,um
1,0,sw2772B-ms98-a-0079,uh
0,3,sw2780B-ms98-a-0031,qy
1,0,sw2780B-ms98-a-0031,uh
1,1,sw2780B-ms98-a-0031,uh
1,0,sw2780B-ms98-a-0031,uh
1,3,sw2780B-ms98-a-0031,uh
1,20,sw2780B-ms98-a-0031,uh
1,0,sw2780B-ms98-a-0031,uh
0,0,sw2780B-ms98-a-0043,qy
1,0,sw2780B-ms98-a-0043,uh
1,0,sw2780B-ms98-a-0043,uh
1,0,sw2780B-ms98-a-0043,uh
1,0,sw2780B-ms98-a-0043,uh
1,1,sw2780B-ms98-a-0043,uh
1,0,sw2780B-ms98-a-0043,uh
0,1,sw2788A-ms98-a-0099,qy
1,0,sw2788A-ms98-a-0099,uh
1,1,sw2788A-ms98-a-0099,um
0,-1,sw2788A-ms98-a-0153,qy
1,-1,sw2788A-ms98-a-0153,uh
1,-1,sw2788A-ms98-a-0153,um
0,-1,sw2793A-ms98-a-0029,qy
1,-1,sw2793A-ms98-a-0029,uh
1,-1,sw2793A-ms98-a-0029,uh
1,-1,sw2793A-ms98-a-0029,uh
1,-1,sw2793A-ms98-a-0029,uh
1,-1,sw2793A-ms98-a-0029,uh
1,-1,sw2793A-ms98-a-0029,uh
1,-1,sw2793A-ms98-a-0029,uh
0,-1,sw2793A-ms98-a-0031,qy
1,-1,sw2793A-ms98-a-0031,uh
1,-1,sw2793A-ms98-a-0031,uh
1,-1,sw2793A-ms98-a-0031,uh
1,-1,sw2793A-ms98-a-0031,uh
1,-1,sw2793A-ms98-a-0031,uh
1,-1,sw2793A-ms98-a-0031,uh
1,-1,sw2793A-ms98-a-0031,uh
0,4,sw2793A-ms98-a-0032,qy
1,285,sw2793A-ms98-a-0032,uh
1,67,sw2793A-ms98-a-0032,uh
1,276,sw2793A-ms98-a-0032,uh
1,257,sw2793A-ms98-a-0032,uh
1,4,sw2793A-ms98-a-0032,uh
1,15,sw2793A-ms98-a-0032,uh
1,279,sw2793A-ms98-a-0032,uh
0,-1,sw2793A-ms98-a-0036,qy
1,-1,sw2793A-ms98-a-0036,uh
1,-1,sw2793A-ms98-a-0036,uh
1,-1,sw2793A-ms98-a-0036,uh
1,-1,sw2793A-ms98-a-0036,uh
1,-1,sw2793A-ms98-a-0036,uh
1,-1,sw2793A-ms98-a-0036,uh
1,-1,sw2793A-ms98-a-0036,uh
0,-1,sw2793A-ms98-a-0038,qy
1,-1,sw2793A-ms98-a-0038,uh
1,-1,sw2793A-ms98-a-0038,uh
1,-1,sw2793A-ms98-a-0038,uh
1,-1,sw2793A-ms98-a-0038,uh
1,-1,sw2793A-ms98-a-0038,uh
1,-1,sw2793A-ms98-a-0038,uh
1,-1,sw2793A-ms98-a-0038,uh
0,231,sw2793A-ms98-a-0039,qy
1,225,sw2793A-ms98-a-0039,uh
1,212,sw2793A-ms98-a-0039,uh
1,250,sw2793A-ms98-a-0039,uh
1,252,sw2793A-ms98-a-0039,uh
1,240,sw2793A-ms98-a-0039,uh
1,231,sw2793A-ms98-a-0039,uh
1,241,sw2793A-ms98-a-0039,uh
0,231,sw2793A-ms98-a-0041,qy
1,218,sw2793A-ms98-a-0041,uh
1,220,sw2793A-ms98-a-0041,uh
1,241,sw2793A-ms98-a-0041,uh
1,247,sw2793A-ms98-a-0041,uh
1,237,sw2793A-ms98-a-0041,uh
1,225,sw2793A-ms98-a-0041,uh
1,236,sw2793A-ms98-a-0041,uh
0,16,sw2793A-ms98-a-0043,qy
1,203,sw2793A-ms98-a-0043,uh
1,176,sw2793A-ms98-a-0043,uh
1,225,sw2793A-ms98-a-0043,uh
1,214,sw2793A-ms98-a-0043,uh
1,178,sw2793A-ms98-a-0043,uh
1,171,sw2793A-ms98-a-0043,uh
1,221,sw2793A-ms98-a-0043,uh
0,27,sw2793A-ms98-a-0046,qy
1,435,sw2793A-ms98-a-0046,uh
1,311,sw2793A-ms98-a-0046,uh
1,380,sw2793A-ms98-a-0046,uh
1,363,sw2793A-ms98-a-0046,uh
1,273,sw2793A-ms98-a-0046,uh
1,356,sw2793A-ms98-a-0046,uh
1,350,sw2793A-ms98-a-0046,uh
0,-1,sw2793B-ms98-a-0039,qy
1,-1,sw2793B-ms98-a-0039,uh
1,-1,sw2793B-ms98-a-0039,uh
1,-1,sw2793B-ms98-a-0039,uh
1,-1,sw2793B-ms98-a-0039,uh
1,-1,sw2793B-ms98-a-0039,uh
1,-1,sw2793B-ms98-a-0039,uh
0,0,sw2793B-ms98-a-0040,qy
1,12,sw2793B-ms98-a-0040,uh
1,1,sw2793B-ms98-a-0040,uh
1,0,sw2793B-ms98-a-0040,uh
1,40,sw2793B-ms98-a-0040,uh
1,0,sw2793B-ms98-a-0040,uh
1,0,sw2793B-ms98-a-0040,uh
0,0,sw2806B-ms98-a-0076,qy
1,2,sw2806B-ms98-a-0076,uh
1,0,sw2806B-ms98-a-0076,uh
1,-1,sw2806B-ms98-a-0076,um
1,0,sw2806B-ms98-a-0076,uh
0,0,sw2806B-ms98-a-0088,qy
1,4,sw2806B-ms98-a-0088,uh
1,0,sw2806B-ms98-a-0088,uh
1,43,sw2806B-ms98-a-0088,um
1,0,sw2806B-ms98-a-0088,uh
0,1,sw2819A-ms98-a-0072,qy
1,0,sw2819A-ms98-a-0072,um
1,0,sw2819A-ms98-a-0072,um
1,0,sw2819A-ms98-a-0072,uh
1,0,sw2819A-ms98-a-0072,um
1,0,sw2819A-ms98-a-0072,uh
1,0,sw2819A-ms98-a-0072,uh
1,0,sw2819A-ms98-a-0072,um
0,0,sw2830A-ms98-a-0033,qy
1,0,sw2830A-ms98-a-0033,um
1,0,sw2830A-ms98-a-0033,um
1,0,sw2830A-ms98-a-0033,um
1,-1,sw2830A-ms98-a-0033,um
1,-1,sw2830A-ms98-a-0033,um
1,-1,sw2830A-ms98-a-0033,um
1,0,sw2830A-ms98-a-0033,uh
1,-1,sw2830A-ms98-a-0033,um
0,168,sw2836A-ms98-a-0007,qy
1,255,sw2836A-ms98-a-0007,uh
1,273,sw2836A-ms98-a-0007,uh
1,270,sw2836A-ms98-a-0007,uh
1,246,sw2836A-ms98-a-0007,uh
1,252,sw2836A-ms98-a-0007,uh
1,221,sw2836A-ms98-a-0007,uh
1,257,sw2836A-ms98-a-0007,uh
1,253,sw2836A-ms98-a-0007,uh
1,266,sw2836A-ms98-a-0007,uh
1,252,sw2836A-ms98-a-0007,uh
1,241,sw2836A-ms98-a-0007,uh
0,0,sw2836B-ms98-a-0036,qy
1,499,sw2836B-ms98-a-0036,um
1,1,sw2836B-ms98-a-0036,um
1,0,sw2836B-ms98-a-0036,uh
1,504,sw2836B-ms98-a-0036,um
0,1,sw2836B-ms98-a-0092,qy
1,0,sw2836B-ms98-a-0092,um
1,0,sw2836B-ms98-a-0092,um
1,0,sw2836B-ms98-a-0092,uh
1,0,sw2836B-ms98-a-0092,um
0,23,sw2840B-ms98-a-0064,qy
1,-1,sw2840B-ms98-a-0064,um
1,-1,sw2840B-ms98-a-0064,uh
1,-1,sw2840B-ms98-a-0064,uh
1,-1,sw2840B-ms98-a-0064,uh
1,-1,sw2840B-ms98-a-0064,uh
1,-1,sw2840B-ms98-a-0064,uh
1,-1,sw2840B-ms98-a-0064,uh
1,-1,sw2840B-ms98-a-0064,uh
1,-1,sw2840B-ms98-a-0064,uh
1,-1,sw2840B-ms98-a-0064,uh
1,24,sw2840B-ms98-a-0064,uh
1,-1,sw2840B-ms98-a-0064,uh
0,194,sw2842A-ms98-a-0029,qy
1,294,sw2842A-ms98-a-0029,uh
1,282,sw2842A-ms98-a-0029,uh
1,281,sw2842A-ms98-a-0029,uh
1,293,sw2842A-ms98-a-0029,um
0,-1,sw2842A-ms98-a-0030,qy
1,-1,sw2842A-ms98-a-0030,uh
1,-1,sw2842A-ms98-a-0030,uh
1,382,sw2842A-ms98-a-0030,uh
1,-1,sw2842A-ms98-a-0030,um
0,0,sw2849A-ms98-a-0108,qy
1,252,sw2849A-ms98-a-0108,um
1,2,sw2849A-ms98-a-0108,uh
1,6,sw2849A-ms98-a-0108,um
1,4,sw2849A-ms98-a-0108,um
1,263,sw2849A-ms98-a-0108,um
1,6,sw2849A-ms98-a-0108,um
1,0,sw2849A-ms98-a-0108,um
1,1,sw2849A-ms98-a-0108,um
1,0,sw2849A-ms98-a-0108,um
1,227,sw2849A-ms98-a-0108,uh
0,0,sw2866A-ms98-a-0104,qy
1,0,sw2866A-ms98-a-0104,uh
1,0,sw2866A-ms98-a-0104,um
1,0,sw2866A-ms98-a-0104,uh
1,0,sw2866A-ms98-a-0104,uh
1,0,sw2866A-ms98-a-0104,uh
1,0,sw2866A-ms98-a-0104,uh
1,0,sw2866A-ms98-a-0104,uh
1,0,sw2866A-ms98-a-0104,um
1,-1,sw2866A-ms98-a-0104,um
1,0,sw2866A-ms98-a-0104,uh
1,0,sw2866A-ms98-a-0104,uh
0,0,sw2870A-ms98-a-0044,qy
1,0,sw2870A-ms98-a-0044,uh
1,0,sw2870A-ms98-a-0044,uh
1,0,sw2870A-ms98-a-0044,uh
1,0,sw2870A-ms98-a-0044,um
0,-1,sw2870A-ms98-a-0139,qy
1,-1,sw2870A-ms98-a-0139,uh
1,-1,sw2870A-ms98-a-0139,uh
1,-1,sw2870A-ms98-a-0139,uh
1,-1,sw2870A-ms98-a-0139,um
0,0,sw2870B-ms98-a-0028,qy
1,175,sw2870B-ms98-a-0028,um
1,0,sw2870B-ms98-a-0028,um
1,188,sw2870B-ms98-a-0028,um
1,0,sw2870B-ms98-a-0028,um
1,0,sw2870B-ms98-a-0028,um
1,31,sw2870B-ms98-a-0028,um
1,0,sw2870B-ms98-a-0028,uh
0,236,sw2893B-ms98-a-0052,qy
1,256,sw2893B-ms98-a-0052,uh
1,256,sw2893B-ms98-a-0052,uh
0,0,sw2913B-ms98-a-0023,qy
1,0,sw2913B-ms98-a-0023,um
1,0,sw2913B-ms98-a-0023,uh
1,0,sw2913B-ms98-a-0023,um
1,0,sw2913B-ms98-a-0023,um
1,0,sw2913B-ms98-a-0023,uh
1,0,sw2913B-ms98-a-0023,uh
1,0,sw2913B-ms98-a-0023,uh
1,0,sw2913B-ms98-a-0023,uh
1,0,sw2913B-ms98-a-0023,uh
1,0,sw2913B-ms98-a-0023,uh
0,2,sw2930A-ms98-a-0010,qy
1,236,sw2930A-ms98-a-0010,uh
1,0,sw2930A-ms98-a-0010,uh
0,0,sw2932B-ms98-a-0014,qy
1,0,sw2932B-ms98-a-0014,um
1,20,sw2932B-ms98-a-0014,um
1,0,sw2932B-ms98-a-0014,uh
1,0,sw2932B-ms98-a-0014,uh
1,0,sw2932B-ms98-a-0014,uh
1,0,sw2932B-ms98-a-0014,um
0,0,sw2932B-ms98-a-0073,qy
1,-1,sw2932B-ms98-a-0073,um
1,0,sw2932B-ms98-a-0073,um
1,-1,sw2932B-ms98-a-0073,uh
1,0,sw2932B-ms98-a-0073,uh
1,0,sw2932B-ms98-a-0073,uh
1,0,sw2932B-ms98-a-0073,um
0,234,sw2934A-ms98-a-0056,qy
1,272,sw2934A-ms98-a-0056,um
1,251,sw2934A-ms98-a-0056,uh
1,245,sw2934A-ms98-a-0056,uh
1,274,sw2934A-ms98-a-0056,um
1,232,sw2934A-ms98-a-0056,uh
1,251,sw2934A-ms98-a-0056,uh
1,218,sw2934A-ms98-a-0056,uh
1,238,sw2934A-ms98-a-0056,uh
1,255,sw2934A-ms98-a-0056,uh
1,240,sw2934A-ms98-a-0056,uh
1,0,sw2934A-ms98-a-0056,uh
1,252,sw2934A-ms98-a-0056,uh
1,241,sw2934A-ms98-a-0056,uh
0,0,sw2934A-ms98-a-0057,qy
1,0,sw2934A-ms98-a-0057,um
1,0,sw2934A-ms98-a-0057,uh
1,0,sw2934A-ms98-a-0057,uh
1,0,sw2934A-ms98-a-0057,um
1,0,sw2934A-ms98-a-0057,uh
1,0,sw2934A-ms98-a-0057,uh
1,0,sw2934A-ms98-a-0057,uh
1,0,sw2934A-ms98-a-0057,uh
1,0,sw2934A-ms98-a-0057,uh
1,0,sw2934A-ms98-a-0057,uh
1,0,sw2934A-ms98-a-0057,uh
1,0,sw2934A-ms98-a-0057,uh
1,0,sw2934A-ms98-a-0057,uh
0,-1,sw2938A-ms98-a-0074,qy
1,-1,sw2938A-ms98-a-0074,uh
1,-1,sw2938A-ms98-a-0074,uh
1,-1,sw2938A-ms98-a-0074,uh
0,-1,sw2938A-ms98-a-0075,qy
1,-1,sw2938A-ms98-a-0075,uh
1,0,sw2938A-ms98-a-0075,uh
1,-1,sw2938A-ms98-a-0075,uh
0,0,sw2938B-ms98-a-0041,qy
1,0,sw2938B-ms98-a-0041,uh
1,0,sw2938B-ms98-a-0041,uh
1,0,sw2938B-ms98-a-0041,um
0,0,sw2938B-ms98-a-0102,qy
1,0,sw2938B-ms98-a-0102,uh
1,0,sw2938B-ms98-a-0102,uh
1,0,sw2938B-ms98-a-0102,um
0,0,sw2938B-ms98-a-0117,qy
1,0,sw2938B-ms98-a-0117,uh
1,0,sw2938B-ms98-a-0117,uh
1,0,sw2938B-ms98-a-0117,um
0,0,sw2965A-ms98-a-0085,qy
1,6,sw2965A-ms98-a-0085,uh
1,4,sw2965A-ms98-a-0085,uh
1,0,sw2965A-ms98-a-0085,uh
1,0,sw2965A-ms98-a-0085,uh
1,0,sw2965A-ms98-a-0085,uh
1,0,sw2965A-ms98-a-0085,uh
1,0,sw2965A-ms98-a-0085,uh
1,0,sw2965A-ms98-a-0085,um
1,0,sw2965A-ms98-a-0085,uh
1,0,sw2965A-ms98-a-0085,uh
1,5,sw2965A-ms98-a-0085,uh
1,0,sw2965A-ms98-a-0085,uh
1,1,sw2965A-ms98-a-0085,uh
1,0,sw2965A-ms98-a-0085,uh
1,223,sw2965A-ms98-a-0085,uh
1,0,sw2965A-ms98-a-0085,uh
1,0,sw2965A-ms98-a-0085,uh
1,0,sw2965A-ms98-a-0085,um
0,0,sw2969B-ms98-a-0082,qy
1,0,sw2969B-ms98-a-0082,uh
1,0,sw2969B-ms98-a-0082,uh
0,0,sw2969B-ms98-a-0107,qy
1,0,sw2969B-ms98-a-0107,uh
1,0,sw2969B-ms98-a-0107,uh
0,-1,sw2981A-ms98-a-0012,qy
1,-1,sw2981A-ms98-a-0012,um
1,-1,sw2981A-ms98-a-0012,um
1,-1,sw2981A-ms98-a-0012,uh
1,-1,sw2981A-ms98-a-0012,uh
1,-1,sw2981A-ms98-a-0012,uh
0,2,sw2981A-ms98-a-0014,qy
1,309,sw2981A-ms98-a-0014,um
1,300,sw2981A-ms98-a-0014,um
1,255,sw2981A-ms98-a-0014,uh
1,305,sw2981A-ms98-a-0014,uh
1,295,sw2981A-ms98-a-0014,uh
0,0,sw2981B-ms98-a-0049,qy
1,0,sw2981B-ms98-a-0049,um
1,0,sw2981B-ms98-a-0049,uh
0,0,sw2981B-ms98-a-0050,qy
1,0,sw2981B-ms98-a-0050,um
1,0,sw2981B-ms98-a-0050,uh
0,0,sw2993A-ms98-a-0023,qy
1,0,sw2993A-ms98-a-0023,um
1,0,sw2993A-ms98-a-0023,um
1,0,sw2993A-ms98-a-0023,uh
1,0,sw2993A-ms98-a-0023,uh
1,0,sw2993A-ms98-a-0023,uh
1,0,sw2993A-ms98-a-0023,uh
1,0,sw2993A-ms98-a-0023,um
1,0,sw2993A-ms98-a-0023,uh
1,0,sw2993A-ms98-a-0023,uh
1,0,sw2993A-ms98-a-0023,uh
0,0,sw2993A-ms98-a-0062,qy
1,1,sw2993A-ms98-a-0062,um
1,14,sw2993A-ms98-a-0062,um
1,0,sw2993A-ms98-a-0062,uh
1,1,sw2993A-ms98-a-0062,uh
1,1,sw2993A-ms98-a-0062,uh
1,1,sw2993A-ms98-a-0062,uh
1,0,sw2993A-ms98-a-0062,um
1,0,sw2993A-ms98-a-0062,uh
1,0,sw2993A-ms98-a-0062,uh
1,12,sw2993A-ms98-a-0062,uh
0,22,sw3001A-ms98-a-0069,qy
1,29,sw3001A-ms98-a-0069,um
1,3,sw3001A-ms98-a-0069,um
0,0,sw3011B-ms98-a-0016,qy
1,0,sw3011B-ms98-a-0016,uh
1,0,sw3011B-ms98-a-0016,uh
1,24,sw3011B-ms98-a-0016,um
1,1,sw3011B-ms98-a-0016,um
0,-1,sw3034A-ms98-a-0016,qy
1,-1,sw3034A-ms98-a-0016,um
1,-1,sw3034A-ms98-a-0016,uh
1,-1,sw3034A-ms98-a-0016,uh
1,-1,sw3034A-ms98-a-0016,um
1,-1,sw3034A-ms98-a-0016,uh
1,-1,sw3034A-ms98-a-0016,uh
1,-1,sw3034A-ms98-a-0016,uh
1,-1,sw3034A-ms98-a-0016,um
1,-1,sw3034A-ms98-a-0016,uh
1,-1,sw3034A-ms98-a-0016,uh
0,0,sw3047B-ms98-a-0008,qy
1,0,sw3047B-ms98-a-0008,uh
1,0,sw3047B-ms98-a-0008,uh
1,0,sw3047B-ms98-a-0008,uh
0,2,sw3047B-ms98-a-0023,qy
1,0,sw3047B-ms98-a-0023,uh
1,0,sw3047B-ms98-a-0023,uh
1,0,sw3047B-ms98-a-0023,uh
0,0,sw3050A-ms98-a-0009,qy
1,6,sw3050A-ms98-a-0009,uh
1,274,sw3050A-ms98-a-0009,um
0,4,sw3054A-ms98-a-0042,qy
1,0,sw3054A-ms98-a-0042,um
1,0,sw3054A-ms98-a-0042,uh
1,0,sw3054A-ms98-a-0042,uh
1,0,sw3054A-ms98-a-0042,um
1,0,sw3054A-ms98-a-0042,uh
1,240,sw3054A-ms98-a-0042,um
1,231,sw3054A-ms98-a-0042,um
1,0,sw3054A-ms98-a-0042,uh
0,-1,sw3063A-ms98-a-0018,qy
1,-1,sw3063A-ms98-a-0018,um
1,-1,sw3063A-ms98-a-0018,uh
1,-1,sw3063A-ms98-a-0018,uh
1,-1,sw3063A-ms98-a-0018,uh
1,-1,sw3063A-ms98-a-0018,uh
1,-1,sw3063A-ms98-a-0018,um
1,-1,sw3063A-ms98-a-0018,uh
1,-1,sw3063A-ms98-a-0018,um
1,-1,sw3063A-ms98-a-0018,um
1,-1,sw3063A-ms98-a-0018,um
1,-1,sw3063A-ms98-a-0018,um
1,-1,sw3063A-ms98-a-0018,uh
1,-1,sw3063A-ms98-a-0018,uh
1,-1,sw3063A-ms98-a-0018,um
1,-1,sw3063A-ms98-a-0018,um
0,2,sw3071A-ms98-a-0062,qy
1,329,sw3071A-ms98-a-0062,uh
1,304,sw3071A-ms98-a-0062,um
1,346,sw3071A-ms98-a-0062,um
1,304,sw3071A-ms98-a-0062,um
1,30,sw3071A-ms98-a-0062,um
1,326,sw3071A-ms98-a-0062,uh
1,0,sw3071A-ms98-a-0062,uh
1,312,sw3071A-ms98-a-0062,um
1,22,sw3071A-ms98-a-0062,um
1,309,sw3071A-ms98-a-0062,um
1,309,sw3071A-ms98-a-0062,um
1,330,sw3071A-ms98-a-0062,um
1,0,sw3071A-ms98-a-0062,uh
0,0,sw3072A-ms98-a-0011,qy
1,6,sw3072A-ms98-a-0011,um
1,13,sw3072A-ms98-a-0011,um
0,0,sw3087B-ms98-a-0051,qy
1,0,sw3087B-ms98-a-0051,um
1,7,sw3087B-ms98-a-0051,um
1,0,sw3087B-ms98-a-0051,um
1,0,sw3087B-ms98-a-0051,um
1,0,sw3087B-ms98-a-0051,uh
1,0,sw3087B-ms98-a-0051,um
1,0,sw3087B-ms98-a-0051,uh
0,0,sw3093A-ms98-a-0047,qy
1,0,sw3093A-ms98-a-0047,uh
1,0,sw3093A-ms98-a-0047,uh
1,0,sw3093A-ms98-a-0047,uh
0,5,sw3130B-ms98-a-0009,qy
1,0,sw3130B-ms98-a-0009,um
1,36,sw3130B-ms98-a-0009,um
1,0,sw3130B-ms98-a-0009,um
1,3,sw3130B-ms98-a-0009,uh
1,3,sw3130B-ms98-a-0009,uh
0,11,sw3133B-ms98-a-0027,qy
1,0,sw3133B-ms98-a-0027,uh
1,12,sw3133B-ms98-a-0027,um
0,0,sw3152A-ms98-a-0049,qy
1,0,sw3152A-ms98-a-0049,um
1,0,sw3152A-ms98-a-0049,uh
1,0,sw3152A-ms98-a-0049,uh
0,-1,sw3152A-ms98-a-0077,qy
1,-1,sw3152A-ms98-a-0077,um
1,-1,sw3152A-ms98-a-0077,uh
1,-1,sw3152A-ms98-a-0077,uh
0,-1,sw3154A-ms98-a-0003,qy
1,-1,sw3154A-ms98-a-0003,uh
1,-1,sw3154A-ms98-a-0003,uh
1,-1,sw3154A-ms98-a-0003,uh
1,-1,sw3154A-ms98-a-0003,uh
1,-1,sw3154A-ms98-a-0003,uh
1,-1,sw3154A-ms98-a-0003,uh
1,0,sw3154A-ms98-a-0003,uh
1,-1,sw3154A-ms98-a-0003,uh
1,-1,sw3154A-ms98-a-0003,uh
1,-1,sw3154A-ms98-a-0003,uh
0,21,sw3206A-ms98-a-0015,qy
1,0,sw3206A-ms98-a-0015,um
1,272,sw3206A-ms98-a-0015,uh
1,268,sw3206A-ms98-a-0015,um
0,0,sw3206B-ms98-a-0029,qy
1,505,sw3206B-ms98-a-0029,uh
1,500,sw3206B-ms98-a-0029,um
1,0,sw3206B-ms98-a-0029,uh
0,-1,sw3228A-ms98-a-0017,qy
1,-1,sw3228A-ms98-a-0017,um
0,-1,sw3231B-ms98-a-0047,qy
1,-1,sw3231B-ms98-a-0047,uh
1,-1,sw3231B-ms98-a-0047,uh
1,-1,sw3231B-ms98-a-0047,uh
1,-1,sw3231B-ms98-a-0047,uh
1,-1,sw3231B-ms98-a-0047,uh
0,-1,sw3231B-ms98-a-0048,qy
1,-1,sw3231B-ms98-a-0048,uh
1,-1,sw3231B-ms98-a-0048,uh
1,-1,sw3231B-ms98-a-0048,uh
1,-1,sw3231B-ms98-a-0048,uh
1,-1,sw3231B-ms98-a-0048,uh
0,0,sw3232A-ms98-a-0012,qy
1,6,sw3232A-ms98-a-0012,um
1,0,sw3232A-ms98-a-0012,uh
1,0,sw3232A-ms98-a-0012,um
0,0,sw3247A-ms98-a-0033,qy
1,16,sw3247A-ms98-a-0033,um
1,0,sw3247A-ms98-a-0033,uh
1,0,sw3247A-ms98-a-0033,uh
1,0,sw3247A-ms98-a-0033,uh
1,136,sw3247A-ms98-a-0033,uh
0,0,sw3247B-ms98-a-0017,qy
1,0,sw3247B-ms98-a-0017,uh
1,-1,sw3247B-ms98-a-0017,uh
1,0,sw3247B-ms98-a-0017,uh
1,0,sw3247B-ms98-a-0017,um
1,0,sw3247B-ms98-a-0017,uh
1,22,sw3247B-ms98-a-0017,uh
1,0,sw3247B-ms98-a-0017,uh
1,14,sw3247B-ms98-a-0017,uh
1,-1,sw3247B-ms98-a-0017,uh
0,0,sw3247B-ms98-a-0033,qy
1,0,sw3247B-ms98-a-0033,uh
1,-1,sw3247B-ms98-a-0033,uh
1,0,sw3247B-ms98-a-0033,uh
1,0,sw3247B-ms98-a-0033,um
1,0,sw3247B-ms98-a-0033,uh
1,0,sw3247B-ms98-a-0033,uh
1,0,sw3247B-ms98-a-0033,uh
1,0,sw3247B-ms98-a-0033,uh
1,-1,sw3247B-ms98-a-0033,uh
0,-1,sw3250A-ms98-a-0014,qy
1,-1,sw3250A-ms98-a-0014,uh
1,-1,sw3250A-ms98-a-0014,uh
1,-1,sw3250A-ms98-a-0014,uh
1,-1,sw3250A-ms98-a-0014,uh
0,-1,sw3253B-ms98-a-0008,qy
1,0,sw3253B-ms98-a-0008,uh
1,-1,sw3253B-ms98-a-0008,uh
1,-1,sw3253B-ms98-a-0008,uh
1,-1,sw3253B-ms98-a-0008,uh
0,4,sw3275B-ms98-a-0074,qy
1,8,sw3275B-ms98-a-0074,uh
0,0,sw3291B-ms98-a-0019,qy
1,0,sw3291B-ms98-a-0019,uh
1,1,sw3291B-ms98-a-0019,uh
1,0,sw3291B-ms98-a-0019,uh
1,0,sw3291B-ms98-a-0019,uh
1,0,sw3291B-ms98-a-0019,um
1,0,sw3291B-ms98-a-0019,uh
1,0,sw3291B-ms98-a-0019,uh
1,0,sw3291B-ms98-a-0019,uh
1,0,sw3291B-ms98-a-0019,uh
0,5,sw3310A-ms98-a-0045,qy
1,0,sw3310A-ms98-a-0045,uh
1,0,sw3310A-ms98-a-0045,uh
1,0,sw3310A-ms98-a-0045,uh
1,0,sw3310A-ms98-a-0045,uh
1,-1,sw3310A-ms98-a-0045,uh
0,2,sw3342A-ms98-a-0026,qy
1,1,sw3342A-ms98-a-0026,uh
0,-1,sw3342B-ms98-a-0048,qy
1,-1,sw3342B-ms98-a-0048,uh
0,0,sw3351A-ms98-a-0026,qy
1,1,sw3351A-ms98-a-0026,um
1,-1,sw3351A-ms98-a-0026,uh
1,-1,sw3351A-ms98-a-0026,um
1,11,sw3351A-ms98-a-0026,uh
1,1,sw3351A-ms98-a-0026,um
1,-1,sw3351A-ms98-a-0026,um
1,2,sw3351A-ms98-a-0026,um
1,0,sw3351A-ms98-a-0026,um
1,-1,sw3351A-ms98-a-0026,uh
0,0,sw3352A-ms98-a-0034,qy
1,-1,sw3352A-ms98-a-0034,um
1,-1,sw3352A-ms98-a-0034,um
1,0,sw3352A-ms98-a-0034,uh
1,0,sw3352A-ms98-a-0034,uh
1,0,sw3352A-ms98-a-0034,uh
1,0,sw3352A-ms98-a-0034,uh
1,1,sw3352A-ms98-a-0034,uh
0,0,sw3352A-ms98-a-0071,qy
1,-1,sw3352A-ms98-a-0071,um
1,-1,sw3352A-ms98-a-0071,um
1,0,sw3352A-ms98-a-0071,uh
1,0,sw3352A-ms98-a-0071,uh
1,0,sw3352A-ms98-a-0071,uh
1,0,sw3352A-ms98-a-0071,uh
1,0,sw3352A-ms98-a-0071,uh
0,0,sw3353A-ms98-a-0037,qy
1,1,sw3353A-ms98-a-0037,um
1,0,sw3353A-ms98-a-0037,uh
1,0,sw3353A-ms98-a-0037,uh
1,0,sw3353A-ms98-a-0037,uh
1,0,sw3353A-ms98-a-0037,uh
1,0,sw3353A-ms98-a-0037,uh
0,-1,sw3353A-ms98-a-0046,qy
1,-1,sw3353A-ms98-a-0046,um
1,-1,sw3353A-ms98-a-0046,uh
1,0,sw3353A-ms98-a-0046,uh
1,-1,sw3353A-ms98-a-0046,uh
1,0,sw3353A-ms98-a-0046,uh
1,-1,sw3353A-ms98-a-0046,uh
0,0,sw3361A-ms98-a-0028,qy
1,0,sw3361A-ms98-a-0028,uh
1,0,sw3361A-ms98-a-0028,uh
1,0,sw3361A-ms98-a-0028,uh
1,0,sw3361A-ms98-a-0028,uh
0,-1,sw3361A-ms98-a-0032,qy
1,-1,sw3361A-ms98-a-0032,uh
1,-1,sw3361A-ms98-a-0032,uh
1,-1,sw3361A-ms98-a-0032,uh
1,-1,sw3361A-ms98-a-0032,uh
0,0,sw3371B-ms98-a-0042,qy
1,0,sw3371B-ms98-a-0042,uh
1,1,sw3371B-ms98-a-0042,uh
1,0,sw3371B-ms98-a-0042,uh
1,1,sw3371B-ms98-a-0042,uh
1,-1,sw3371B-ms98-a-0042,um
1,0,sw3371B-ms98-a-0042,uh
1,1,sw3371B-ms98-a-0042,uh
1,0,sw3371B-ms98-a-0042,uh
1,-1,sw3371B-ms98-a-0042,uh
0,0,sw3372A-ms98-a-0019,qy
1,-1,sw3372A-ms98-a-0019,um
1,1,sw3372A-ms98-a-0019,uh
1,-1,sw3372A-ms98-a-0019,um
0,0,sw3377A-ms98-a-0058,qy
1,401,sw3377A-ms98-a-0058,uh
1,0,sw3377A-ms98-a-0058,uh
1,0,sw3377A-ms98-a-0058,uh
1,0,sw3377A-ms98-a-0058,uh
1,315,sw3377A-ms98-a-0058,uh
0,0,sw3381B-ms98-a-0005,qy
1,499,sw3381B-ms98-a-0005,um
0,-1,sw3386B-ms98-a-0024,qy
1,-1,sw3386B-ms98-a-0024,uh
1,-1,sw3386B-ms98-a-0024,uh
1,-1,sw3386B-ms98-a-0024,uh
0,0,sw3387A-ms98-a-0039,qy
1,0,sw3387A-ms98-a-0039,um
1,0,sw3387A-ms98-a-0039,um
0,0,sw3393B-ms98-a-0023,qy
1,0,sw3393B-ms98-a-0023,uh
1,0,sw3393B-ms98-a-0023,uh
1,0,sw3393B-ms98-a-0023,uh
1,1,sw3393B-ms98-a-0023,uh
1,0,sw3393B-ms98-a-0023,uh
1,0,sw3393B-ms98-a-0023,um
1,0,sw3393B-ms98-a-0023,um
0,0,sw3433A-ms98-a-0028,qy
1,251,sw3433A-ms98-a-0028,uh
1,257,sw3433A-ms98-a-0028,um
1,246,sw3433A-ms98-a-0028,uh
0,-1,sw3441A-ms98-a-0048,qy
1,-1,sw3441A-ms98-a-0048,uh
0,246,sw3441A-ms98-a-0050,qy
1,294,sw3441A-ms98-a-0050,uh
0,0,sw3443A-ms98-a-0006,qy
1,0,sw3443A-ms98-a-0006,uh
1,0,sw3443A-ms98-a-0006,uh
0,0,sw3445A-ms98-a-0039,qy
1,3,sw3445A-ms98-a-0039,uh
1,-1,sw3445A-ms98-a-0039,um
1,-1,sw3445A-ms98-a-0039,um
1,-1,sw3445A-ms98-a-0039,uh
1,-1,sw3445A-ms98-a-0039,um
0,0,sw3445A-ms98-a-0049,qy
1,0,sw3445A-ms98-a-0049,uh
1,0,sw3445A-ms98-a-0049,um
1,0,sw3445A-ms98-a-0049,um
1,0,sw3445A-ms98-a-0049,uh
1,0,sw3445A-ms98-a-0049,um
0,0,sw3445B-ms98-a-0010,qy
1,5,sw3445B-ms98-a-0010,um
0,0,sw3445B-ms98-a-0023,qy
1,1,sw3445B-ms98-a-0023,um
0,0,sw3447A-ms98-a-0014,qy
1,1,sw3447A-ms98-a-0014,uh
0,0,sw3448B-ms98-a-0078,qy
1,6,sw3448B-ms98-a-0078,uh
1,3,sw3448B-ms98-a-0078,um
1,0,sw3448B-ms98-a-0078,uh
1,160,sw3448B-ms98-a-0078,uh
1,1,sw3448B-ms98-a-0078,uh
0,0,sw3449A-ms98-a-0013,qy
1,0,sw3449A-ms98-a-0013,uh
1,0,sw3449A-ms98-a-0013,uh
1,0,sw3449A-ms98-a-0013,uh
1,0,sw3449A-ms98-a-0013,uh
0,0,sw3449B-ms98-a-0048,qy
1,193,sw3449B-ms98-a-0048,um
1,1,sw3449B-ms98-a-0048,um
1,10,sw3449B-ms98-a-0048,uh
1,0,sw3449B-ms98-a-0048,uh
1,198,sw3449B-ms98-a-0048,um
1,0,sw3449B-ms98-a-0048,uh
1,0,sw3449B-ms98-a-0048,um
0,0,sw3458A-ms98-a-0041,qy
1,0,sw3458A-ms98-a-0041,um
1,232,sw3458A-ms98-a-0041,uh
1,0,sw3458A-ms98-a-0041,um
1,302,sw3458A-ms98-a-0041,um
1,0,sw3458A-ms98-a-0041,uh
1,0,sw3458A-ms98-a-0041,um
0,1,sw3476A-ms98-a-0052,qy
1,234,sw3476A-ms98-a-0052,uh
1,234,sw3476A-ms98-a-0052,uh
1,259,sw3476A-ms98-a-0052,uh
1,205,sw3476A-ms98-a-0052,uh
1,190,sw3476A-ms98-a-0052,uh
1,246,sw3476A-ms98-a-0052,uh
1,231,sw3476A-ms98-a-0052,uh
1,190,sw3476A-ms98-a-0052,uh
1,237,sw3476A-ms98-a-0052,uh
1,291,sw3476A-ms98-a-0052,um
1,267,sw3476A-ms98-a-0052,uh
0,29,sw3491A-ms98-a-0041,qy
1,-1,sw3491A-ms98-a-0041,uh
0,1,sw3491A-ms98-a-0073,qy
1,0,sw3491A-ms98-a-0073,uh
0,0,sw3495A-ms98-a-0038,qy
1,3,sw3495A-ms98-a-0038,uh
1,0,sw3495A-ms98-a-0038,um
1,0,sw3495A-ms98-a-0038,um
1,3,sw3495A-ms98-a-0038,uh
1,0,sw3495A-ms98-a-0038,uh
1,0,sw3495A-ms98-a-0038,uh
0,1,sw3497A-ms98-a-0016,qy
1,499,sw3497A-ms98-a-0016,um
0,0,sw3497A-ms98-a-0044,qy
1,0,sw3497A-ms98-a-0044,um
0,0,sw3497A-ms98-a-0071,qy
1,36,sw3497A-ms98-a-0071,um
0,0,sw3497B-ms98-a-0054,qy
1,0,sw3497B-ms98-a-0054,um
0,0,sw3497B-ms98-a-0059,qy
1,0,sw3497B-ms98-a-0059,um
0,0,sw3503B-ms98-a-0042,qy
1,226,sw3503B-ms98-a-0042,um
1,0,sw3503B-ms98-a-0042,um
0,0,sw3506A-ms98-a-0026,qy
1,0,sw3506A-ms98-a-0026,um
1,0,sw3506A-ms98-a-0026,um
1,0,sw3506A-ms98-a-0026,uh
1,0,sw3506A-ms98-a-0026,um
1,0,sw3506A-ms98-a-0026,um
1,0,sw3506A-ms98-a-0026,um
1,0,sw3506A-ms98-a-0026,um
1,0,sw3506A-ms98-a-0026,um
1,0,sw3506A-ms98-a-0026,um
1,0,sw3506A-ms98-a-0026,uh
0,1,sw3506B-ms98-a-0014,qy
1,252,sw3506B-ms98-a-0014,uh
1,241,sw3506B-ms98-a-0014,uh
1,257,sw3506B-ms98-a-0014,uh
1,0,sw3506B-ms98-a-0014,um
1,4,sw3506B-ms98-a-0014,uh
1,25,sw3506B-ms98-a-0014,uh
1,0,sw3506B-ms98-a-0014,uh
1,225,sw3506B-ms98-a-0014,uh
1,1,sw3506B-ms98-a-0014,uh
1,0,sw3506B-ms98-a-0014,uh
1,3,sw3506B-ms98-a-0014,uh
1,254,sw3506B-ms98-a-0014,uh
0,-1,sw3506B-ms98-a-0047,qy
1,-1,sw3506B-ms98-a-0047,uh
1,-1,sw3506B-ms98-a-0047,uh
1,-1,sw3506B-ms98-a-0047,uh
1,-1,sw3506B-ms98-a-0047,um
1,-1,sw3506B-ms98-a-0047,uh
1,-1,sw3506B-ms98-a-0047,uh
1,0,sw3506B-ms98-a-0047,uh
1,-1,sw3506B-ms98-a-0047,uh
1,-1,sw3506B-ms98-a-0047,uh
1,0,sw3506B-ms98-a-0047,uh
1,-1,sw3506B-ms98-a-0047,uh
1,-1,sw3506B-ms98-a-0047,uh
0,0,sw3514A-ms98-a-0007,qy
1,-1,sw3514A-ms98-a-0007,um
1,0,sw3514A-ms98-a-0007,um
0,2,sw3518A-ms98-a-0013,qy
1,314,sw3518A-ms98-a-0013,uh
0,0,sw3518B-ms98-a-0031,qy
1,-1,sw3518B-ms98-a-0031,uh
1,-1,sw3518B-ms98-a-0031,uh
1,-1,sw3518B-ms98-a-0031,uh
1,0,sw3518B-ms98-a-0031,uh
1,0,sw3518B-ms98-a-0031,uh
1,-1,sw3518B-ms98-a-0031,uh
0,0,sw3521B-ms98-a-0011,qy
1,0,sw3521B-ms98-a-0011,uh
1,1,sw3521B-ms98-a-0011,uh
1,0,sw3521B-ms98-a-0011,uh
1,0,sw3521B-ms98-a-0011,uh
1,-1,sw3521B-ms98-a-0011,uh
1,4,sw3521B-ms98-a-0011,uh
1,0,sw3521B-ms98-a-0011,uh
1,0,sw3521B-ms98-a-0011,uh
1,-1,sw3521B-ms98-a-0011,uh
1,-1,sw3521B-ms98-a-0011,uh
1,-1,sw3521B-ms98-a-0011,uh
0,3,sw3550B-ms98-a-0064,qy
1,0,sw3550B-ms98-a-0064,uh
1,0,sw3550B-ms98-a-0064,um
1,0,sw3550B-ms98-a-0064,uh
1,0,sw3550B-ms98-a-0064,uh
1,2,sw3550B-ms98-a-0064,um
1,7,sw3550B-ms98-a-0064,uh
0,0,sw3569A-ms98-a-0006,qy
1,259,sw3569A-ms98-a-0006,uh
1,1,sw3569A-ms98-a-0006,uh
1,0,sw3569A-ms98-a-0006,uh
0,1,sw3626A-ms98-a-0008,qy
1,0,sw3626A-ms98-a-0008,uh
1,0,sw3626A-ms98-a-0008,uh
0,3,sw3628A-ms98-a-0025,qy
1,0,sw3628A-ms98-a-0025,um
1,31,sw3628A-ms98-a-0025,um
1,0,sw3628A-ms98-a-0025,uh
1,0,sw3628A-ms98-a-0025,uh
1,0,sw3628A-ms98-a-0025,uh
1,0,sw3628A-ms98-a-0025,uh
1,0,sw3628A-ms98-a-0025,uh
1,1,sw3628A-ms98-a-0025,uh
1,0,sw3628A-ms98-a-0025,uh
0,0,sw3633A-ms98-a-0040,qy
1,0,sw3633A-ms98-a-0040,uh
1,0,sw3633A-ms98-a-0040,uh
1,0,sw3633A-ms98-a-0040,uh
1,0,sw3633A-ms98-a-0040,uh
1,0,sw3633A-ms98-a-0040,uh
1,0,sw3633A-ms98-a-0040,uh
0,3,sw3636A-ms98-a-0037,qy
1,-1,sw3636A-ms98-a-0037,um
1,0,sw3636A-ms98-a-0037,uh
1,0,sw3636A-ms98-a-0037,uh
1,-1,sw3636A-ms98-a-0037,uh
1,-1,sw3636A-ms98-a-0037,uh
0,0,sw3638B-ms98-a-0045,qy
1,0,sw3638B-ms98-a-0045,uh
1,-1,sw3638B-ms98-a-0045,uh
0,-1,sw3660A-ms98-a-0049,qy
1,-1,sw3660A-ms98-a-0049,uh
1,-1,sw3660A-ms98-a-0049,uh
1,-1,sw3660A-ms98-a-0049,uh
1,-1,sw3660A-ms98-a-0049,uh
1,-1,sw3660A-ms98-a-0049,um
1,-1,sw3660A-ms98-a-0049,uh
1,-1,sw3660A-ms98-a-0049,uh
1,-1,sw3660A-ms98-a-0049,uh
0,-1,sw3660A-ms98-a-0050,qy
1,-1,sw3660A-ms98-a-0050,uh
1,-1,sw3660A-ms98-a-0050,uh
1,-1,sw3660A-ms98-a-0050,uh
1,-1,sw3660A-ms98-a-0050,uh
1,-1,sw3660A-ms98-a-0050,um
1,-1,sw3660A-ms98-a-0050,uh
1,-1,sw3660A-ms98-a-0050,uh
1,-1,sw3660A-ms98-a-0050,uh
0,0,sw3697A-ms98-a-0013,qy
1,0,sw3697A-ms98-a-0013,um
1,0,sw3697A-ms98-a-0013,um
0,0,sw3703B-ms98-a-0031,qy
1,22,sw3703B-ms98-a-0031,uh
0,0,sw3703B-ms98-a-0039,qy
1,0,sw3703B-ms98-a-0039,uh
0,5,sw3709A-ms98-a-0025,qy
1,-1,sw3709A-ms98-a-0025,um
1,22,sw3709A-ms98-a-0025,um
1,-1,sw3709A-ms98-a-0025,um
1,1,sw3709A-ms98-a-0025,um
1,3,sw3709A-ms98-a-0025,um
1,3,sw3709A-ms98-a-0025,um
0,-1,sw3709B-ms98-a-0032,qy
1,-1,sw3709B-ms98-a-0032,um
1,-1,sw3709B-ms98-a-0032,uh
1,-1,sw3709B-ms98-a-0032,uh
0,0,sw3735B-ms98-a-0013,qy
1,0,sw3735B-ms98-a-0013,um
1,0,sw3735B-ms98-a-0013,um
1,0,sw3735B-ms98-a-0013,um
0,222,sw3747B-ms98-a-0008,qy
1,249,sw3747B-ms98-a-0008,um
0,0,sw3747B-ms98-a-0035,qy
1,0,sw3747B-ms98-a-0035,um
0,0,sw3747B-ms98-a-0038,qy
1,33,sw3747B-ms98-a-0038,um
0,0,sw3760A-ms98-a-0026,qy
1,0,sw3760A-ms98-a-0026,um
1,9,sw3760A-ms98-a-0026,um
1,0,sw3760A-ms98-a-0026,um
1,-1,sw3760A-ms98-a-0026,um
1,0,sw3760A-ms98-a-0026,um
0,209,sw3769A-ms98-a-0068,qy
1,245,sw3769A-ms98-a-0068,um
1,3,sw3769A-ms98-a-0068,uh
1,225,sw3769A-ms98-a-0068,uh
1,3,sw3769A-ms98-a-0068,uh
0,-1,sw3769B-ms98-a-0034,qy
1,-1,sw3769B-ms98-a-0034,um
0,0,sw3769B-ms98-a-0048,qy
1,0,sw3769B-ms98-a-0048,um
0,-1,sw3797B-ms98-a-0045,qy
1,-1,sw3797B-ms98-a-0045,uh
1,-1,sw3797B-ms98-a-0045,uh
1,12,sw3797B-ms98-a-0045,uh
1,-1,sw3797B-ms98-a-0045,um
1,-1,sw3797B-ms98-a-0045,uh
1,9,sw3797B-ms98-a-0045,uh
0,20,sw3797B-ms98-a-0047,qy
1,225,sw3797B-ms98-a-0047,uh
1,218,sw3797B-ms98-a-0047,uh
1,176,sw3797B-ms98-a-0047,uh
1,223,sw3797B-ms98-a-0047,um
1,165,sw3797B-ms98-a-0047,uh
1,174,sw3797B-ms98-a-0047,uh
0,0,sw3838B-ms98-a-0011,qy
1,12,sw3838B-ms98-a-0011,um
1,0,sw3838B-ms98-a-0011,um
1,0,sw3838B-ms98-a-0011,um
1,5,sw3838B-ms98-a-0011,um
0,0,sw3838B-ms98-a-0020,qy
1,499,sw3838B-ms98-a-0020,um
1,0,sw3838B-ms98-a-0020,um
1,0,sw3838B-ms98-a-0020,um
1,31,sw3838B-ms98-a-0020,um
0,0,sw3838B-ms98-a-0027,qy
1,499,sw3838B-ms98-a-0027,um
1,0,sw3838B-ms98-a-0027,um
1,0,sw3838B-ms98-a-0027,um
1,55,sw3838B-ms98-a-0027,um
0,0,sw3838B-ms98-a-0029,qy
1,499,sw3838B-ms98-a-0029,um
1,0,sw3838B-ms98-a-0029,um
1,0,sw3838B-ms98-a-0029,um
1,502,sw3838B-ms98-a-0029,um
0,1,sw3993A-ms98-a-0011,qy
1,0,sw3993A-ms98-a-0011,uh
0,0,sw3993A-ms98-a-0021,qy
1,0,sw3993A-ms98-a-0021,uh
0,0,sw3993A-ms98-a-0029,qy
1,0,sw3993A-ms98-a-0029,uh
0,12,sw4004A-ms98-a-0026,qy
1,175,sw4004A-ms98-a-0026,um
1,353,sw4004A-ms98-a-0026,um
0,1,sw4004B-ms98-a-0029,qy
1,-1,sw4004B-ms98-a-0029,um
1,-1,sw4004B-ms98-a-0029,uh
1,-1,sw4004B-ms98-a-0029,uh
1,-1,sw4004B-ms98-a-0029,uh
1,-1,sw4004B-ms98-a-0029,uh
1,-1,sw4004B-ms98-a-0029,uh
1,-1,sw4004B-ms98-a-0029,uh
1,2,sw4004B-ms98-a-0029,um
1,-1,sw4004B-ms98-a-0029,um
1,-1,sw4004B-ms98-a-0029,uh
1,-1,sw4004B-ms98-a-0029,uh
1,-1,sw4004B-ms98-a-0029,uh
1,-1,sw4004B-ms98-a-0029,uh
0,0,sw4028A-ms98-a-0006,qy
1,0,sw4028A-ms98-a-0006,uh
1,499,sw4028A-ms98-a-0006,um
0,-1,sw4037A-ms98-a-0048,qy
1,-1,sw4037A-ms98-a-0048,uh
1,-1,sw4037A-ms98-a-0048,uh
1,-1,sw4037A-ms98-a-0048,uh
1,-1,sw4037A-ms98-a-0048,uh
1,-1,sw4037A-ms98-a-0048,uh
1,-1,sw4037A-ms98-a-0048,uh
1,-1,sw4037A-ms98-a-0048,uh
1,-1,sw4037A-ms98-a-0048,uh
1,-1,sw4037A-ms98-a-0048,uh
1,-1,sw4037A-ms98-a-0048,uh
1,-1,sw4037A-ms98-a-0048,uh
1,-1,sw4037A-ms98-a-0048,uh
1,-1,sw4037A-ms98-a-0048,uh
0,13,sw4037A-ms98-a-0050,qy
1,11,sw4037A-ms98-a-0050,uh
1,-1,sw4037A-ms98-a-0050,uh
1,504,sw4037A-ms98-a-0050,uh
1,15,sw4037A-ms98-a-0050,uh
1,-1,sw4037A-ms98-a-0050,uh
1,485,sw4037A-ms98-a-0050,uh
1,-1,sw4037A-ms98-a-0050,uh
1,487,sw4037A-ms98-a-0050,uh
1,492,sw4037A-ms98-a-0050,uh
1,502,sw4037A-ms98-a-0050,uh
1,-1,sw4037A-ms98-a-0050,uh
1,12,sw4037A-ms98-a-0050,uh
1,-1,sw4037A-ms98-a-0050,uh
0,0,sw4055A-ms98-a-0050,qy
1,3,sw4055A-ms98-a-0050,um
0,1,sw4055A-ms98-a-0051,qy
1,0,sw4055A-ms98-a-0051,um
0,0,sw4055B-ms98-a-0024,qy
1,0,sw4055B-ms98-a-0024,uh
1,0,sw4055B-ms98-a-0024,uh
1,0,sw4055B-ms98-a-0024,uh
1,0,sw4055B-ms98-a-0024,uh
1,1,sw4055B-ms98-a-0024,uh
1,0,sw4055B-ms98-a-0024,uh
1,0,sw4055B-ms98-a-0024,uh
0,-1,sw4056A-ms98-a-0047,qy
1,-1,sw4056A-ms98-a-0047,uh
1,-1,sw4056A-ms98-a-0047,uh
1,-1,sw4056A-ms98-a-0047,um
1,-1,sw4056A-ms98-a-0047,uh
1,-1,sw4056A-ms98-a-0047,uh
1,-1,sw4056A-ms98-a-0047,uh
1,-1,sw4056A-ms98-a-0047,uh
0,3,sw4071A-ms98-a-0021,qy
1,1,sw4071A-ms98-a-0021,uh
1,1,sw4071A-ms98-a-0021,uh
1,4,sw4071A-ms98-a-0021,uh
1,3,sw4071A-ms98-a-0021,uh
0,0,sw4129B-ms98-a-0075,qy
1,0,sw4129B-ms98-a-0075,uh
1,0,sw4129B-ms98-a-0075,uh
1,0,sw4129B-ms98-a-0075,uh
0,0,sw4130B-ms98-a-0007,qy
1,0,sw4130B-ms98-a-0007,uh
1,0,sw4130B-ms98-a-0007,um
1,0,sw4130B-ms98-a-0007,uh
1,0,sw4130B-ms98-a-0007,um
1,15,sw4130B-ms98-a-0007,uh
1,0,sw4130B-ms98-a-0007,um
0,0,sw4154B-ms98-a-0021,qy
1,0,sw4154B-ms98-a-0021,uh
1,0,sw4154B-ms98-a-0021,uh
1,0,sw4154B-ms98-a-0021,uh
1,0,sw4154B-ms98-a-0021,uh
1,0,sw4154B-ms98-a-0021,uh
1,0,sw4154B-ms98-a-0021,uh
1,0,sw4154B-ms98-a-0021,uh
0,237,sw4154B-ms98-a-0039,qy
1,239,sw4154B-ms98-a-0039,uh
1,3,sw4154B-ms98-a-0039,uh
1,305,sw4154B-ms98-a-0039,uh
1,244,sw4154B-ms98-a-0039,uh
1,249,sw4154B-ms98-a-0039,uh
1,273,sw4154B-ms98-a-0039,uh
1,197,sw4154B-ms98-a-0039,uh
0,-1,sw4155A-ms98-a-0082,qy
1,-1,sw4155A-ms98-a-0082,um
1,-1,sw4155A-ms98-a-0082,uh
1,-1,sw4155A-ms98-a-0082,uh
1,-1,sw4155A-ms98-a-0082,um
1,-1,sw4155A-ms98-a-0082,um
0,-1,sw4155A-ms98-a-0083,qy
1,-1,sw4155A-ms98-a-0083,um
1,-1,sw4155A-ms98-a-0083,uh
1,-1,sw4155A-ms98-a-0083,uh
1,-1,sw4155A-ms98-a-0083,um
1,-1,sw4155A-ms98-a-0083,um
0,-1,sw4155B-ms98-a-0026,qy
1,-1,sw4155B-ms98-a-0026,um
1,-1,sw4155B-ms98-a-0026,uh
1,-1,sw4155B-ms98-a-0026,uh
1,13,sw4155B-ms98-a-0026,um
1,-1,sw4155B-ms98-a-0026,um
1,13,sw4155B-ms98-a-0026,um
0,0,sw4155B-ms98-a-0049,qy
1,298,sw4155B-ms98-a-0049,um
1,0,sw4155B-ms98-a-0049,uh
1,1,sw4155B-ms98-a-0049,uh
1,0,sw4155B-ms98-a-0049,um
1,0,sw4155B-ms98-a-0049,um
1,1,sw4155B-ms98-a-0049,um
0,-1,sw4168A-ms98-a-0097,qy
1,-1,sw4168A-ms98-a-0097,uh
1,-1,sw4168A-ms98-a-0097,um
0,0,sw4168B-ms98-a-0065,qy
1,4,sw4168B-ms98-a-0065,uh
1,179,sw4168B-ms98-a-0065,uh
1,5,sw4168B-ms98-a-0065,uh
0,0,sw4175A-ms98-a-0065,qy
1,-1,sw4175A-ms98-a-0065,uh
1,-1,sw4175A-ms98-a-0065,uh
0,-1,sw4175B-ms98-a-0045,qy
1,-1,sw4175B-ms98-a-0045,uh
1,-1,sw4175B-ms98-a-0045,uh
0,0,sw4175B-ms98-a-0046,qy
1,-1,sw4175B-ms98-a-0046,uh
1,0,sw4175B-ms98-a-0046,uh
0,-1,sw4321A-ms98-a-0011,qy
1,-1,sw4321A-ms98-a-0011,um
0,-1,sw4321A-ms98-a-0012,qy
1,-1,sw4321A-ms98-a-0012,um
0,-1,sw4321A-ms98-a-0013,qy
1,-1,sw4321A-ms98-a-0013,um
0,4,sw4325A-ms98-a-0066,qy
1,337,sw4325A-ms98-a-0066,um
0,1,sw4325B-ms98-a-0067,qy
1,225,sw4325B-ms98-a-0067,um
1,217,sw4325B-ms98-a-0067,um
1,345,sw4325B-ms98-a-0067,um
1,0,sw4325B-ms98-a-0067,um
0,221,sw4325B-ms98-a-0069,qy
1,297,sw4325B-ms98-a-0069,um
1,259,sw4325B-ms98-a-0069,um
1,444,sw4325B-ms98-a-0069,um
1,0,sw4325B-ms98-a-0069,um
0,6,sw4325B-ms98-a-0073,qy
1,41,sw4325B-ms98-a-0073,um
1,60,sw4325B-ms98-a-0073,um
1,258,sw4325B-ms98-a-0073,um
1,8,sw4325B-ms98-a-0073,um
0,0,sw4379A-ms98-a-0026,qy
1,-1,sw4379A-ms98-a-0026,um
1,-1,sw4379A-ms98-a-0026,um
1,-1,sw4379A-ms98-a-0026,um
1,-1,sw4379A-ms98-a-0026,um
0,0,sw4605B-ms98-a-0049,qy
1,0,sw4605B-ms98-a-0049,uh
1,1,sw4605B-ms98-a-0049,uh
1,1,sw4605B-ms98-a-0049,uh
0,3,sw4679A-ms98-a-0004,qy
1,2,sw4679A-ms98-a-0004,uh
1,3,sw4679A-ms98-a-0004,uh
1,0,sw4679A-ms98-a-0004,uh
1,0,sw4679A-ms98-a-0004,um
1,512,sw4679A-ms98-a-0004,uh
1,507,sw4679A-ms98-a-0004,um
1,0,sw4679A-ms98-a-0004,uh
1,3,sw4679A-ms98-a-0004,um
1,3,sw4679A-ms98-a-0004,uh
1,-1,sw4679A-ms98-a-0004,um
1,0,sw4679A-ms98-a-0004,um
1,1,sw4679A-ms98-a-0004,uh
1,0,sw4679A-ms98-a-0004,um
1,0,sw4679A-ms98-a-0004,um
1,515,sw4679A-ms98-a-0004,um
0,1,sw4679B-ms98-a-0018,qy
1,-1,sw4679B-ms98-a-0018,uh
1,12,sw4679B-ms98-a-0018,uh
1,-1,sw4679B-ms98-a-0018,uh
1,5,sw4679B-ms98-a-0018,uh
0,-1,sw4688A-ms98-a-0065,qy
1,-1,sw4688A-ms98-a-0065,uh
1,-1,sw4688A-ms98-a-0065,uh
1,-1,sw4688A-ms98-a-0065,uh
1,-1,sw4688A-ms98-a-0065,uh
1,-1,sw4688A-ms98-a-0065,uh
1,-1,sw4688A-ms98-a-0065,uh
1,-1,sw4688A-ms98-a-0065,uh
1,-1,sw4688A-ms98-a-0065,um
1,-1,sw4688A-ms98-a-0065,um
1,-1,sw4688A-ms98-a-0065,uh
0,1,sw4698B-ms98-a-0019,qy
1,0,sw4698B-ms98-a-0019,uh
1,0,sw4698B-ms98-a-0019,uh
1,0,sw4698B-ms98-a-0019,um
1,0,sw4698B-ms98-a-0019,um
1,0,sw4698B-ms98-a-0019,uh
1,0,sw4698B-ms98-a-0019,um
0,8,sw4698B-ms98-a-0046,qy
1,-1,sw4698B-ms98-a-0046,uh
1,3,sw4698B-ms98-a-0046,uh
1,-1,sw4698B-ms98-a-0046,um
1,18,sw4698B-ms98-a-0046,um
1,-1,sw4698B-ms98-a-0046,uh
1,-1,sw4698B-ms98-a-0046,um
0,1,sw4720B-ms98-a-0009,qy
1,0,sw4720B-ms98-a-0009,uh
1,3,sw4720B-ms98-a-0009,uh
1,0,sw4720B-ms98-a-0009,uh
1,0,sw4720B-ms98-a-0009,uh
1,0,sw4720B-ms98-a-0009,uh
1,25,sw4720B-ms98-a-0009,uh
1,0,sw4720B-ms98-a-0009,uh
0,0,sw4736A-ms98-a-0010,qy
1,4,sw4736A-ms98-a-0010,uh
1,0,sw4736A-ms98-a-0010,uh
1,2,sw4736A-ms98-a-0010,uh
1,3,sw4736A-ms98-a-0010,uh
1,3,sw4736A-ms98-a-0010,uh
1,4,sw4736A-ms98-a-0010,uh
1,0,sw4736A-ms98-a-0010,uh
1,4,sw4736A-ms98-a-0010,uh
1,0,sw4736A-ms98-a-0010,um
1,0,sw4736A-ms98-a-0010,uh
1,1,sw4736A-ms98-a-0010,uh
1,2,sw4736A-ms98-a-0010,um
1,0,sw4736A-ms98-a-0010,uh
0,0,sw4829A-ms98-a-0044,qy
1,0,sw4829A-ms98-a-0044,um
1,1,sw4829A-ms98-a-0044,uh
1,3,sw4829A-ms98-a-0044,uh
1,0,sw4829A-ms98-a-0044,uh
1,-1,sw4829A-ms98-a-0044,um
1,0,sw4829A-ms98-a-0044,um
1,-1,sw4829A-ms98-a-0044,um
1,0,sw4829A-ms98-a-0044,uh
1,-1,sw4829A-ms98-a-0044,uh
0,0,sw4859B-ms98-a-0005,qy
1,3,sw4859B-ms98-a-0005,um
1,5,sw4859B-ms98-a-0005,um
1,-1,sw4859B-ms98-a-0005,um
